Fecha,Incidentes,Pruebas t-1,Pruebas t-2,Pruebas t-3,Incidentes t-1,Incidentes t-2,Incidentes t-3,H t-1,H t-2,H t-3,H_UCI t-1,H_UCI t-2,H_UCI t-3,Defunciones t-1,Defunciones t-2,Defunciones t-3,Asintomaticos t-1,Asintomaticos t-2,Asintomaticos t-3,Sintomaticos t-1,Sintomaticos t-2,Sintomaticos t-3,Entradas t-1,Entradas t-2,Entradas t-3,Salidas t-1,Salidas t-2,Salidas t-3
2020-03-11,12.0,39.0,21.0,130.0,6.0,3.0,1.0,0.0,0.0,0.0,0.0,0.0,0.0,0.0,0.0,0.0,0.0,0.0,2.0,4.0,4.0,1.0,145999.438,146586.006,134872.11800000002,145006.937,148231.62900000002,129792.956
2020-03-12,9.0,116.0,39.0,21.0,12.0,6.0,3.0,0.0,0.0,0.0,0.0,0.0,0.0,0.0,0.0,0.0,2.0,0.0,0.0,10.0,4.0,4.0,145431.106,145999.438,146586.006,143921.17299999998,145006.937,148231.62900000002
2020-03-13,12.0,136.0,116.0,39.0,9.0,12.0,6.0,4.0,0.0,0.0,1.0,0.0,0.0,0.0,0.0,0.0,5.0,2.0,0.0,7.0,10.0,4.0,145470.77099999998,145431.106,145999.438,144238.438,143921.17299999998,145006.937
2020-03-14,23.0,228.0,136.0,116.0,12.0,9.0,12.0,8.0,4.0,0.0,1.0,1.0,0.0,0.0,0.0,0.0,3.0,5.0,2.0,9.0,7.0,10.0,143647.02800000002,145470.77099999998,145431.106,140719.734,144238.438,143921.17299999998
2020-03-15,18.0,196.0,228.0,136.0,23.0,12.0,9.0,8.0,8.0,4.0,2.0,1.0,1.0,0.0,0.0,0.0,5.0,3.0,5.0,19.0,9.0,7.0,71089.56700000001,143647.02800000002,145470.77099999998,69784.739,140719.734,144238.438
2020-03-16,24.0,121.0,196.0,228.0,18.0,23.0,12.0,13.0,8.0,8.0,2.0,2.0,1.0,0.0,0.0,0.0,4.0,5.0,3.0,14.0,19.0,9.0,37512.616,71089.56700000001,143647.02800000002,39003.832,69784.739,140719.734
2020-03-17,39.0,147.0,121.0,196.0,24.0,18.0,23.0,18.0,13.0,8.0,3.0,2.0,2.0,0.0,0.0,0.0,5.0,4.0,5.0,14.0,14.0,19.0,87342.40599999999,37512.616,71089.56700000001,88830.57699999999,39003.832,69784.739
2020-03-18,28.0,226.0,147.0,121.0,39.0,24.0,18.0,22.0,18.0,13.0,4.0,3.0,2.0,0.0,0.0,0.0,23.0,5.0,4.0,16.0,14.0,14.0,88994.959,87342.40599999999,37512.616,87741.81800000001,88830.57699999999,39003.832
2020-03-19,38.0,282.0,226.0,147.0,28.0,39.0,24.0,36.0,22.0,18.0,6.0,4.0,3.0,0.0,0.0,0.0,20.0,23.0,5.0,9.0,16.0,14.0,90235.208,88994.959,87342.40599999999,88626.08799999997,87741.81800000001,88830.57699999999
2020-03-20,35.0,307.0,282.0,226.0,38.0,28.0,39.0,47.0,36.0,22.0,11.0,6.0,4.0,0.0,0.0,0.0,20.0,20.0,23.0,11.0,9.0,16.0,48592.640999999996,90235.208,88994.959,46147.96400000001,88626.08799999997,87741.81800000001
2020-03-21,58.0,333.0,307.0,282.0,35.0,38.0,28.0,61.0,47.0,36.0,14.0,11.0,6.0,1.0,0.0,0.0,27.0,20.0,20.0,19.0,11.0,9.0,79103.62899999999,48592.640999999996,90235.208,75959.16399999999,46147.96400000001,88626.08799999997
2020-03-22,50.0,362.0,333.0,307.0,58.0,35.0,38.0,78.0,61.0,47.0,16.0,14.0,11.0,0.0,1.0,0.0,25.0,27.0,20.0,26.0,19.0,11.0,44574.127,79103.62899999999,48592.640999999996,43339.081,75959.16399999999,46147.96400000001
2020-03-23,52.0,346.0,362.0,333.0,50.0,58.0,35.0,80.0,78.0,61.0,23.0,16.0,14.0,2.0,0.0,1.0,17.0,25.0,27.0,12.0,26.0,19.0,20534.084,44574.127,79103.62899999999,23681.319,43339.081,75959.16399999999
2020-03-24,113.0,207.0,346.0,362.0,52.0,50.0,58.0,99.0,80.0,78.0,26.0,23.0,16.0,0.0,2.0,0.0,35.0,17.0,25.0,22.0,12.0,26.0,73180.557,20534.084,44574.127,74085.50399999999,23681.319,43339.081
2020-03-25,75.0,496.0,207.0,346.0,113.0,52.0,50.0,127.0,99.0,80.0,33.0,26.0,23.0,4.0,0.0,2.0,29.0,35.0,17.0,99.0,22.0,12.0,66723.511,73180.557,20534.084,65711.372,74085.50399999999,23681.319
2020-03-26,119.0,496.0,496.0,207.0,75.0,113.0,52.0,172.0,127.0,99.0,36.0,33.0,26.0,3.0,4.0,0.0,17.0,29.0,35.0,62.0,99.0,22.0,75332.83099999999,66723.511,73180.557,73839.628,65711.372,74085.50399999999
2020-03-27,86.0,728.0,496.0,496.0,119.0,75.0,113.0,209.0,172.0,127.0,53.0,36.0,33.0,9.0,3.0,4.0,26.0,17.0,29.0,71.0,62.0,99.0,78024.17199999999,75332.83099999999,66723.511,76341.433,73839.628,65711.372
2020-03-28,62.0,715.0,728.0,496.0,86.0,119.0,75.0,231.0,209.0,172.0,58.0,53.0,36.0,6.0,9.0,3.0,15.0,26.0,17.0,58.0,71.0,62.0,77433.15299999999,78024.17199999999,75332.83099999999,72949.33099999999,76341.433,73839.628
2020-03-29,50.0,517.0,715.0,728.0,62.0,86.0,119.0,260.0,231.0,209.0,57.0,58.0,53.0,6.0,6.0,9.0,15.0,15.0,26.0,46.0,58.0,71.0,37367.141,77433.15299999999,78024.17199999999,35390.585,72949.33099999999,76341.433
2020-03-30,46.0,402.0,517.0,715.0,50.0,62.0,86.0,265.0,260.0,231.0,57.0,57.0,58.0,9.0,6.0,6.0,8.0,15.0,15.0,42.0,46.0,58.0,26687.71,37367.141,77433.15299999999,29374.43,35390.585,72949.33099999999
2020-03-31,60.0,250.0,402.0,517.0,46.0,50.0,62.0,283.0,265.0,260.0,59.0,57.0,57.0,3.0,9.0,6.0,18.0,8.0,15.0,31.0,42.0,46.0,65859.74799999999,26687.71,37367.141,67176.408,29374.43,35390.585
2020-04-01,34.0,616.0,250.0,402.0,60.0,46.0,50.0,304.0,283.0,265.0,57.0,59.0,57.0,6.0,3.0,9.0,31.0,18.0,8.0,20.0,31.0,42.0,60564.859000000004,65859.74799999999,26687.71,58726.374,67176.408,29374.43
2020-04-02,71.0,598.0,616.0,250.0,34.0,60.0,46.0,287.0,304.0,283.0,58.0,57.0,59.0,4.0,6.0,3.0,13.0,31.0,18.0,23.0,20.0,31.0,64725.77800000001,60564.859000000004,65859.74799999999,62515.594000000005,58726.374,67176.408
2020-04-03,38.0,572.0,598.0,616.0,71.0,34.0,60.0,284.0,287.0,304.0,57.0,58.0,57.0,9.0,4.0,6.0,26.0,13.0,31.0,34.0,23.0,20.0,65887.555,64725.77800000001,60564.859000000004,64861.919,62515.594000000005,58726.374
2020-04-04,43.0,460.0,572.0,598.0,38.0,71.0,34.0,284.0,284.0,287.0,57.0,57.0,58.0,6.0,9.0,4.0,6.0,26.0,13.0,37.0,34.0,23.0,68036.16500000001,65887.555,64725.77800000001,65767.195,64861.919,62515.594000000005
2020-04-05,18.0,587.0,460.0,572.0,43.0,38.0,71.0,290.0,284.0,284.0,58.0,57.0,57.0,4.0,6.0,9.0,9.0,6.0,26.0,36.0,37.0,34.0,43351.53400000001,68036.16500000001,65887.555,42212.572,65767.195,64861.919
2020-04-06,31.0,331.0,587.0,460.0,18.0,43.0,38.0,298.0,290.0,284.0,53.0,58.0,57.0,14.0,4.0,6.0,13.0,9.0,6.0,6.0,36.0,37.0,22476.315,43351.53400000001,68036.16500000001,25210.781000000006,42212.572,65767.195
2020-04-07,25.0,221.0,331.0,587.0,31.0,18.0,43.0,293.0,298.0,290.0,51.0,53.0,58.0,3.0,14.0,4.0,15.0,13.0,9.0,15.0,6.0,36.0,67012.30500000001,22476.315,43351.53400000001,68752.005,25210.781000000006,42212.572
2020-04-08,16.0,540.0,221.0,331.0,25.0,31.0,18.0,273.0,293.0,298.0,50.0,51.0,53.0,4.0,3.0,14.0,14.0,15.0,13.0,19.0,15.0,6.0,73149.812,67012.30500000001,22476.315,72911.732,68752.005,25210.781000000006
2020-04-09,40.0,606.0,540.0,221.0,16.0,25.0,31.0,262.0,273.0,293.0,47.0,50.0,51.0,6.0,4.0,3.0,14.0,14.0,15.0,19.0,19.0,15.0,76073.839,73149.812,67012.30500000001,72578.85800000001,72911.732,68752.005
2020-04-10,11.0,546.0,606.0,540.0,40.0,16.0,25.0,244.0,262.0,273.0,49.0,47.0,50.0,2.0,6.0,4.0,17.0,14.0,14.0,25.0,19.0,19.0,56409.583,76073.839,73149.812,52853.667,72578.85800000001,72911.732
2020-04-11,7.0,394.0,546.0,606.0,11.0,40.0,16.0,231.0,244.0,262.0,42.0,49.0,47.0,3.0,2.0,6.0,4.0,17.0,14.0,7.0,25.0,19.0,31422.808999999997,56409.583,76073.839,30399.339,52853.667,72578.85800000001
2020-04-12,4.0,306.0,394.0,546.0,7.0,11.0,40.0,220.0,231.0,244.0,44.0,42.0,49.0,4.0,3.0,2.0,19.0,4.0,17.0,8.0,7.0,25.0,45761.893,31422.808999999997,56409.583,44028.744000000006,30399.339,52853.667
2020-04-13,6.0,363.0,306.0,394.0,4.0,7.0,11.0,221.0,220.0,231.0,43.0,44.0,42.0,3.0,4.0,3.0,5.0,19.0,4.0,6.0,8.0,7.0,23745.616,45761.893,31422.808999999997,25232.757,44028.744000000006,30399.339
2020-04-14,18.0,455.0,363.0,306.0,6.0,4.0,7.0,211.0,221.0,220.0,41.0,43.0,44.0,1.0,3.0,4.0,5.0,5.0,19.0,17.0,6.0,8.0,65572.423,23745.616,45761.893,68268.969,25232.757,44028.744000000006
2020-04-15,12.0,931.0,455.0,363.0,18.0,6.0,4.0,200.0,211.0,221.0,36.0,41.0,43.0,3.0,1.0,3.0,31.0,5.0,5.0,25.0,17.0,6.0,84971.579,65572.423,23745.616,85071.649,68268.969,25232.757
2020-04-16,1.0,760.0,931.0,455.0,12.0,18.0,6.0,186.0,200.0,211.0,36.0,36.0,41.0,0.0,3.0,1.0,29.0,31.0,5.0,19.0,25.0,17.0,76348.265,84971.579,65572.423,76034.67,85071.649,68268.969
2020-04-17,8.0,581.0,760.0,931.0,1.0,12.0,18.0,160.0,186.0,200.0,34.0,36.0,36.0,2.0,0.0,3.0,4.0,29.0,31.0,10.0,19.0,25.0,90138.384,76348.265,84971.579,89345.793,76034.67,85071.649
2020-04-18,10.0,474.0,581.0,760.0,8.0,1.0,12.0,152.0,160.0,186.0,36.0,34.0,36.0,4.0,2.0,0.0,6.0,4.0,29.0,15.0,10.0,19.0,91734.826,90138.384,76348.265,87091.73199999999,89345.793,76034.67
2020-04-19,2.0,503.0,474.0,581.0,10.0,8.0,1.0,145.0,152.0,160.0,31.0,36.0,34.0,1.0,4.0,2.0,2.0,6.0,4.0,7.0,15.0,10.0,49107.0,91734.826,90138.384,47461.915,87091.73199999999,89345.793
2020-04-20,5.0,390.0,503.0,474.0,2.0,10.0,8.0,128.0,145.0,152.0,30.0,31.0,36.0,2.0,1.0,4.0,2.0,2.0,6.0,1.0,7.0,15.0,24269.323,49107.0,91734.826,26879.581,47461.915,87091.73199999999
2020-04-21,9.0,561.0,390.0,503.0,5.0,2.0,10.0,129.0,128.0,145.0,27.0,30.0,31.0,0.0,2.0,1.0,3.0,2.0,2.0,23.0,1.0,7.0,83943.38399999999,24269.323,49107.0,84814.757,26879.581,47461.915
2020-04-22,4.0,730.0,561.0,390.0,9.0,5.0,2.0,127.0,129.0,128.0,25.0,27.0,30.0,1.0,0.0,2.0,7.0,3.0,2.0,14.0,23.0,1.0,87675.05,83943.38399999999,24269.323,87656.88900000001,84814.757,26879.581
2020-04-23,9.0,719.0,730.0,561.0,4.0,9.0,5.0,117.0,127.0,129.0,28.0,25.0,27.0,1.0,1.0,0.0,3.0,7.0,3.0,3.0,14.0,23.0,89857.034,87675.05,83943.38399999999,88295.395,87656.88900000001,84814.757
2020-04-24,7.0,662.0,719.0,730.0,9.0,4.0,9.0,105.0,117.0,127.0,22.0,28.0,25.0,1.0,1.0,1.0,11.0,3.0,7.0,18.0,3.0,14.0,90598.91,89857.034,87675.05,87809.772,88295.395,87656.88900000001
2020-04-25,2.0,531.0,662.0,719.0,7.0,9.0,4.0,99.0,105.0,117.0,22.0,22.0,28.0,1.0,1.0,1.0,4.0,11.0,3.0,18.0,18.0,3.0,89200.05300000001,90598.91,89857.034,85518.26000000001,87809.772,88295.395
2020-04-26,1.0,443.0,531.0,662.0,2.0,7.0,9.0,95.0,99.0,105.0,22.0,22.0,22.0,1.0,1.0,1.0,1.0,4.0,11.0,3.0,18.0,18.0,47622.685999999994,89200.05300000001,90598.91,45613.66,85518.26000000001,87809.772
2020-04-27,1.0,330.0,443.0,531.0,1.0,2.0,7.0,82.0,95.0,99.0,22.0,22.0,22.0,2.0,1.0,1.0,1.0,1.0,4.0,2.0,3.0,18.0,26176.057,47622.685999999994,89200.05300000001,29099.803,45613.66,85518.26000000001
2020-04-28,6.0,133.0,330.0,443.0,1.0,1.0,2.0,82.0,82.0,95.0,22.0,22.0,22.0,0.0,2.0,1.0,6.0,1.0,1.0,24.0,2.0,3.0,90512.151,26176.057,47622.685999999994,91222.698,29099.803,45613.66
2020-04-29,4.0,557.0,133.0,330.0,6.0,1.0,1.0,71.0,82.0,82.0,20.0,22.0,22.0,0.0,0.0,2.0,18.0,6.0,1.0,34.0,24.0,2.0,92876.24900000001,90512.151,26176.057,92163.791,91222.698,29099.803
2020-04-30,4.0,539.0,557.0,133.0,4.0,6.0,1.0,69.0,71.0,82.0,19.0,20.0,22.0,0.0,0.0,0.0,14.0,18.0,6.0,35.0,34.0,24.0,94837.906,92876.24900000001,90512.151,93463.095,92163.791,91222.698
2020-05-01,2.0,627.0,539.0,557.0,4.0,4.0,6.0,71.0,69.0,71.0,19.0,19.0,20.0,2.0,0.0,0.0,11.0,14.0,18.0,56.0,35.0,34.0,102073.44699999999,94837.906,92876.24900000001,96411.62800000001,93463.095,92163.791
2020-05-02,1.0,497.0,627.0,539.0,2.0,4.0,4.0,72.0,71.0,69.0,20.0,19.0,19.0,1.0,2.0,0.0,1.0,11.0,14.0,0.0,56.0,35.0,44430.595,102073.44699999999,94837.906,42840.739,96411.62800000001,93463.095
2020-05-03,0.0,129.0,497.0,627.0,1.0,2.0,4.0,71.0,72.0,71.0,18.0,20.0,19.0,3.0,1.0,2.0,3.0,1.0,11.0,4.0,0.0,56.0,54584.897000000004,44430.595,102073.44699999999,54283.731,42840.739,96411.62800000001
2020-05-04,3.0,328.0,129.0,497.0,0.0,1.0,2.0,71.0,71.0,72.0,17.0,18.0,20.0,0.0,3.0,1.0,4.0,3.0,1.0,2.0,4.0,0.0,31130.713000000003,54584.897000000004,44430.595,35490.064,54283.731,42840.739
2020-05-05,2.0,232.0,328.0,129.0,3.0,0.0,1.0,69.0,71.0,71.0,17.0,17.0,18.0,0.0,0.0,3.0,24.0,4.0,3.0,49.0,2.0,4.0,101552.556,31130.713000000003,54584.897000000004,101214.963,35490.064,54283.731
2020-05-06,6.0,636.0,232.0,328.0,2.0,3.0,0.0,66.0,69.0,71.0,15.0,17.0,17.0,1.0,0.0,0.0,14.0,24.0,4.0,59.0,49.0,2.0,105701.879,101552.556,31130.713000000003,105069.77000000002,101214.963,35490.064
2020-05-07,2.0,609.0,636.0,232.0,6.0,2.0,3.0,56.0,66.0,69.0,13.0,15.0,17.0,0.0,1.0,0.0,32.0,14.0,24.0,41.0,59.0,49.0,96299.489,105701.879,101552.556,94887.494,105069.77000000002,101214.963
2020-05-08,1.0,659.0,609.0,636.0,2.0,6.0,2.0,58.0,56.0,66.0,11.0,13.0,15.0,1.0,0.0,1.0,25.0,32.0,14.0,37.0,41.0,59.0,97000.44300000001,96299.489,105701.879,95333.495,94887.494,105069.77000000002
2020-05-09,7.0,613.0,659.0,609.0,1.0,2.0,6.0,51.0,58.0,56.0,13.0,11.0,13.0,0.0,1.0,0.0,34.0,25.0,32.0,26.0,37.0,41.0,99788.66700000002,97000.44300000001,96299.489,95875.81199999999,95333.495,94887.494
2020-05-10,4.0,426.0,613.0,659.0,7.0,1.0,2.0,45.0,51.0,58.0,13.0,13.0,11.0,0.0,0.0,1.0,3.0,34.0,25.0,2.0,26.0,37.0,57241.992999999995,99788.66700000002,97000.44300000001,54020.227,95875.81199999999,95333.495
2020-05-11,2.0,566.0,426.0,613.0,4.0,7.0,1.0,41.0,45.0,51.0,12.0,13.0,13.0,0.0,0.0,0.0,0.0,3.0,34.0,6.0,2.0,26.0,30505.959000000006,57241.992999999995,99788.66700000002,34650.073000000004,54020.227,95875.81199999999
2020-05-12,9.0,162.0,566.0,426.0,2.0,4.0,7.0,39.0,41.0,45.0,12.0,12.0,13.0,0.0,0.0,0.0,1.0,0.0,3.0,2.0,6.0,2.0,102996.618,30505.959000000006,57241.992999999995,103401.728,34650.073000000004,54020.227
2020-05-13,6.0,756.0,162.0,566.0,9.0,2.0,4.0,35.0,39.0,41.0,12.0,12.0,12.0,1.0,0.0,0.0,2.0,1.0,0.0,6.0,2.0,6.0,105917.935,102996.618,30505.959000000006,105325.293,103401.728,34650.073000000004
2020-05-14,4.0,680.0,756.0,162.0,6.0,9.0,2.0,32.0,35.0,39.0,12.0,12.0,12.0,0.0,1.0,0.0,2.0,2.0,1.0,3.0,6.0,2.0,109683.549,105917.935,102996.618,109701.92,105325.293,103401.728
2020-05-15,7.0,736.0,680.0,756.0,4.0,6.0,9.0,37.0,32.0,35.0,12.0,12.0,12.0,1.0,0.0,1.0,2.0,2.0,2.0,9.0,3.0,6.0,103793.376,109683.549,105917.935,101364.931,109701.92,105325.293
2020-05-16,5.0,616.0,736.0,680.0,7.0,4.0,6.0,36.0,37.0,32.0,9.0,12.0,12.0,0.0,1.0,0.0,1.0,2.0,2.0,4.0,9.0,3.0,108157.12800000001,103793.376,109683.549,104161.959,101364.931,109701.92
2020-05-17,3.0,803.0,616.0,736.0,5.0,7.0,4.0,32.0,36.0,37.0,9.0,9.0,12.0,0.0,0.0,1.0,0.0,1.0,2.0,1.0,4.0,9.0,63650.483,108157.12800000001,103793.376,62697.54000000001,104161.959,101364.931
2020-05-18,1.0,446.0,803.0,616.0,3.0,5.0,7.0,32.0,32.0,36.0,9.0,9.0,9.0,1.0,0.0,0.0,1.0,0.0,1.0,3.0,1.0,4.0,40921.871,63650.483,108157.12800000001,43521.432,62697.54000000001,104161.959
2020-05-19,3.0,276.0,446.0,803.0,1.0,3.0,5.0,37.0,32.0,32.0,8.0,9.0,9.0,0.0,1.0,0.0,0.0,1.0,0.0,3.0,3.0,1.0,109801.06199999999,40921.871,63650.483,111239.731,43521.432,62697.54000000001
2020-05-20,6.0,604.0,276.0,446.0,3.0,1.0,3.0,35.0,37.0,32.0,7.0,8.0,9.0,0.0,0.0,1.0,1.0,0.0,1.0,4.0,3.0,3.0,111129.65,109801.06199999999,40921.871,110368.677,111239.731,43521.432
2020-05-21,6.0,926.0,604.0,276.0,6.0,3.0,1.0,35.0,35.0,37.0,7.0,7.0,8.0,0.0,0.0,0.0,0.0,1.0,0.0,5.0,4.0,3.0,112244.95,111129.65,109801.06199999999,111616.0,110368.677,111239.731
2020-05-22,4.0,875.0,926.0,604.0,6.0,6.0,3.0,33.0,35.0,35.0,6.0,7.0,7.0,1.0,0.0,0.0,0.0,0.0,1.0,2.0,5.0,4.0,113117.48300000001,112244.95,111129.65,110517.499,111616.0,110368.677
2020-05-23,3.0,912.0,875.0,926.0,4.0,6.0,6.0,30.0,33.0,35.0,3.0,6.0,7.0,0.0,1.0,0.0,1.0,0.0,0.0,2.0,2.0,5.0,116778.406,113117.48300000001,112244.95,113661.06800000001,110517.499,111616.0
2020-05-24,2.0,810.0,912.0,875.0,3.0,4.0,6.0,31.0,30.0,33.0,7.0,3.0,6.0,0.0,0.0,1.0,1.0,1.0,0.0,2.0,2.0,2.0,71837.948,116778.406,113117.48300000001,71365.879,113661.06800000001,110517.499
2020-05-25,4.0,726.0,810.0,912.0,2.0,3.0,4.0,21.0,31.0,30.0,4.0,7.0,3.0,0.0,0.0,0.0,0.0,1.0,1.0,6.0,2.0,2.0,49466.929,71837.948,116778.406,51066.977999999996,71365.879,113661.06800000001
2020-05-26,5.0,241.0,726.0,810.0,4.0,2.0,3.0,25.0,21.0,31.0,4.0,4.0,7.0,0.0,0.0,0.0,0.0,0.0,1.0,0.0,6.0,2.0,112740.853,49466.929,71837.948,114741.33099999999,51066.977999999996,71365.879
2020-05-27,3.0,782.0,241.0,726.0,5.0,4.0,2.0,26.0,25.0,21.0,4.0,4.0,4.0,0.0,0.0,0.0,0.0,0.0,0.0,3.0,0.0,6.0,114029.16,112740.853,49466.929,113251.514,114741.33099999999,51066.977999999996
2020-05-28,5.0,869.0,782.0,241.0,3.0,5.0,4.0,24.0,26.0,25.0,4.0,4.0,4.0,0.0,0.0,0.0,1.0,0.0,0.0,2.0,3.0,0.0,112358.649,114029.16,112740.853,111341.455,113251.514,114741.33099999999
2020-05-29,2.0,1630.0,869.0,782.0,5.0,3.0,5.0,24.0,24.0,26.0,4.0,4.0,4.0,0.0,0.0,0.0,3.0,1.0,0.0,1.0,2.0,3.0,120177.311,112358.649,114029.16,117194.892,111341.455,113251.514
2020-05-30,0.0,837.0,1630.0,869.0,2.0,5.0,3.0,23.0,24.0,24.0,4.0,4.0,4.0,0.0,0.0,0.0,1.0,3.0,1.0,1.0,1.0,2.0,121252.933,120177.311,112358.649,117976.26299999998,117194.892,111341.455
2020-05-31,0.0,714.0,837.0,1630.0,0.0,2.0,5.0,23.0,23.0,24.0,4.0,4.0,4.0,0.0,0.0,0.0,1.0,1.0,3.0,0.0,1.0,1.0,80202.83799999999,121252.933,120177.311,78888.834,117976.26299999998,117194.892
2020-06-01,2.0,318.0,714.0,837.0,0.0,0.0,2.0,23.0,23.0,23.0,4.0,4.0,4.0,0.0,0.0,0.0,0.0,1.0,1.0,0.0,0.0,1.0,54520.55,80202.83799999999,121252.933,54852.66,78888.834,117976.26299999998
2020-06-02,5.0,826.0,318.0,714.0,2.0,0.0,0.0,26.0,23.0,23.0,4.0,4.0,4.0,0.0,0.0,0.0,3.0,0.0,1.0,1.0,0.0,0.0,117381.665,54520.55,80202.83799999999,119373.933,54852.66,78888.834
2020-06-03,9.0,938.0,826.0,318.0,5.0,2.0,0.0,27.0,26.0,23.0,4.0,4.0,4.0,0.0,0.0,0.0,2.0,3.0,0.0,1.0,1.0,0.0,120692.19300000001,117381.665,54520.55,121672.297,119373.933,54852.66
2020-06-04,2.0,902.0,938.0,826.0,9.0,5.0,2.0,27.0,27.0,26.0,4.0,4.0,4.0,0.0,0.0,0.0,1.0,2.0,3.0,4.0,1.0,1.0,121960.03,120692.19300000001,117381.665,120133.838,121672.297,119373.933
2020-06-05,2.0,557.0,902.0,938.0,2.0,9.0,5.0,26.0,27.0,27.0,4.0,4.0,4.0,0.0,0.0,0.0,1.0,1.0,2.0,1.0,4.0,1.0,121973.04699999999,121960.03,120692.19300000001,121992.49599999998,120133.838,121672.297
2020-06-06,1.0,763.0,557.0,902.0,2.0,2.0,9.0,26.0,26.0,27.0,4.0,4.0,4.0,0.0,0.0,0.0,0.0,1.0,1.0,2.0,1.0,4.0,126531.184,121973.04699999999,121960.03,123762.827,121992.49599999998,120133.838
2020-06-07,1.0,525.0,763.0,557.0,1.0,2.0,2.0,26.0,26.0,26.0,4.0,4.0,4.0,0.0,0.0,0.0,0.0,0.0,1.0,1.0,2.0,1.0,82427.88500000001,126531.184,121973.04699999999,82076.91,123762.827,121992.49599999998
2020-06-08,2.0,321.0,525.0,763.0,1.0,1.0,2.0,26.0,26.0,26.0,4.0,4.0,4.0,0.0,0.0,0.0,0.0,0.0,0.0,1.0,1.0,2.0,60234.31200000001,82427.88500000001,126531.184,62844.872,82076.91,123762.827
2020-06-09,2.0,743.0,321.0,525.0,2.0,1.0,1.0,23.0,26.0,26.0,4.0,4.0,4.0,1.0,0.0,0.0,2.0,0.0,0.0,2.0,1.0,1.0,112151.71099999998,60234.31200000001,82427.88500000001,115933.071,62844.872,82076.91
2020-06-10,2.0,790.0,743.0,321.0,2.0,2.0,1.0,23.0,23.0,26.0,4.0,4.0,4.0,0.0,1.0,0.0,0.0,2.0,0.0,2.0,2.0,1.0,104216.37800000001,112151.71099999998,60234.31200000001,96990.195,115933.071,62844.872
2020-06-11,1.0,693.0,790.0,743.0,2.0,2.0,2.0,18.0,23.0,23.0,4.0,4.0,4.0,0.0,0.0,1.0,0.0,0.0,2.0,1.0,2.0,2.0,127370.31900000002,104216.37800000001,112151.71099999998,125679.27,96990.195,115933.071
2020-06-12,0.0,628.0,693.0,790.0,1.0,2.0,2.0,18.0,18.0,23.0,4.0,4.0,4.0,0.0,0.0,0.0,0.0,0.0,0.0,1.0,1.0,2.0,127101.987,127370.31900000002,104216.37800000001,126337.442,125679.27,96990.195
2020-06-13,1.0,695.0,628.0,693.0,0.0,1.0,2.0,12.0,18.0,18.0,3.0,4.0,4.0,0.0,0.0,0.0,0.0,0.0,0.0,0.0,1.0,1.0,127199.14300000001,127101.987,127370.31900000002,123716.484,126337.442,125679.27
2020-06-14,0.0,645.0,695.0,628.0,1.0,0.0,1.0,10.0,12.0,18.0,3.0,3.0,4.0,0.0,0.0,0.0,0.0,0.0,0.0,1.0,0.0,1.0,83599.019,127199.14300000001,127101.987,83889.963,123716.484,126337.442
2020-06-15,1.0,457.0,645.0,695.0,0.0,1.0,0.0,10.0,10.0,12.0,3.0,3.0,3.0,0.0,0.0,0.0,0.0,0.0,0.0,0.0,1.0,0.0,65896.12299999999,83599.019,127199.14300000001,66355.54999999999,83889.963,123716.484
2020-06-16,4.0,591.0,457.0,645.0,1.0,0.0,1.0,8.0,10.0,10.0,2.0,3.0,3.0,0.0,0.0,0.0,0.0,0.0,0.0,1.0,0.0,1.0,125403.98800000001,65896.12299999999,83599.019,128264.26,66355.54999999999,83889.963
2020-06-17,3.0,876.0,591.0,457.0,4.0,1.0,0.0,7.0,8.0,10.0,2.0,2.0,3.0,0.0,0.0,0.0,1.0,0.0,0.0,1.0,1.0,0.0,126299.267,125403.98800000001,65896.12299999999,124706.989,128264.26,66355.54999999999
2020-06-18,6.0,905.0,876.0,591.0,3.0,4.0,1.0,7.0,7.0,8.0,2.0,2.0,2.0,0.0,0.0,0.0,1.0,1.0,0.0,2.0,1.0,1.0,128960.882,126299.267,125403.98800000001,127978.023,124706.989,128264.26
2020-06-19,6.0,1111.0,905.0,876.0,6.0,3.0,4.0,6.0,7.0,7.0,2.0,2.0,2.0,0.0,0.0,0.0,1.0,1.0,1.0,4.0,2.0,1.0,126798.881,128960.882,126299.267,125302.052,127978.023,124706.989
2020-06-20,7.0,768.0,1111.0,905.0,6.0,6.0,3.0,7.0,6.0,7.0,2.0,2.0,2.0,0.0,0.0,0.0,1.0,1.0,1.0,3.0,4.0,2.0,130573.81,126798.881,128960.882,129886.569,125302.052,127978.023
2020-06-21,1.0,834.0,768.0,1111.0,7.0,6.0,6.0,7.0,7.0,6.0,2.0,2.0,2.0,0.0,0.0,0.0,2.0,1.0,1.0,2.0,3.0,4.0,92512.882,130573.81,126798.881,94627.215,129886.569,125302.052
2020-06-22,1.0,112.0,834.0,768.0,1.0,7.0,6.0,7.0,7.0,7.0,2.0,2.0,2.0,0.0,0.0,0.0,2.0,2.0,1.0,2.0,2.0,3.0,120957.94400000002,92512.882,130573.81,118132.47099999999,94627.215,129886.569
2020-06-23,3.0,824.0,112.0,834.0,1.0,1.0,7.0,7.0,7.0,7.0,2.0,2.0,2.0,0.0,0.0,0.0,0.0,2.0,2.0,1.0,2.0,2.0,159790.49300000002,120957.94400000002,92512.882,158934.92099999994,118132.47099999999,94627.215
2020-06-24,2.0,1101.0,824.0,112.0,3.0,1.0,1.0,7.0,7.0,7.0,2.0,2.0,2.0,0.0,0.0,0.0,1.0,0.0,2.0,1.0,1.0,2.0,158184.55099999998,159790.49300000002,120957.94400000002,153830.274,158934.92099999994,118132.47099999999
2020-06-25,3.0,1053.0,1101.0,824.0,2.0,3.0,1.0,7.0,7.0,7.0,2.0,2.0,2.0,0.0,0.0,0.0,1.0,1.0,0.0,1.0,1.0,1.0,159411.825,158184.55099999998,159790.49300000002,158551.37,153830.274,158934.92099999994
2020-06-26,10.0,796.0,1053.0,1101.0,3.0,2.0,3.0,9.0,7.0,7.0,1.0,2.0,2.0,0.0,0.0,0.0,0.0,1.0,1.0,4.0,1.0,1.0,162945.869,159411.825,158184.55099999998,158864.141,158551.37,153830.274
2020-06-27,9.0,811.0,796.0,1053.0,10.0,3.0,2.0,9.0,9.0,7.0,1.0,1.0,2.0,0.0,0.0,0.0,3.0,0.0,1.0,5.0,4.0,1.0,179752.979,162945.869,159411.825,181303.75600000002,158864.141,158551.37
2020-06-28,1.0,998.0,811.0,796.0,9.0,10.0,3.0,9.0,9.0,9.0,1.0,1.0,1.0,0.0,0.0,0.0,2.0,3.0,0.0,4.0,5.0,4.0,152839.19199999998,179752.979,162945.869,160561.39299999998,181303.75600000002,158864.141
2020-06-29,4.0,194.0,998.0,811.0,1.0,9.0,10.0,9.0,9.0,9.0,1.0,1.0,1.0,0.0,0.0,0.0,2.0,2.0,3.0,2.0,4.0,5.0,159372.16199999998,152839.19199999998,179752.979,150499.139,160561.39299999998,181303.75600000002
2020-06-30,11.0,883.0,194.0,998.0,4.0,1.0,9.0,9.0,9.0,9.0,1.0,1.0,1.0,0.0,0.0,0.0,4.0,2.0,2.0,0.0,2.0,4.0,158574.03100000002,159372.16199999998,152839.19199999998,160850.60300000006,150499.139,160561.39299999998
2020-07-01,4.0,672.0,883.0,194.0,11.0,4.0,1.0,14.0,9.0,9.0,1.0,1.0,1.0,0.0,0.0,0.0,3.0,4.0,2.0,5.0,0.0,2.0,156283.44400000002,158574.03100000002,159372.16199999998,156868.137,160850.60300000006,150499.139
2020-07-02,5.0,1539.0,672.0,883.0,4.0,11.0,4.0,13.0,14.0,9.0,1.0,1.0,1.0,1.0,0.0,0.0,1.0,3.0,4.0,2.0,5.0,0.0,162250.801,156283.44400000002,158574.03100000002,160263.04,156868.137,160850.60300000006
2020-07-03,3.0,702.0,1539.0,672.0,5.0,4.0,11.0,13.0,13.0,14.0,1.0,1.0,1.0,0.0,1.0,0.0,0.0,1.0,3.0,6.0,2.0,5.0,168406.13100000002,162250.801,156283.44400000002,166677.09,160263.04,156868.137
2020-07-04,5.0,348.0,702.0,1539.0,3.0,5.0,4.0,14.0,13.0,13.0,1.0,1.0,1.0,0.0,0.0,1.0,3.0,0.0,1.0,0.0,6.0,2.0,179630.048,168406.13100000002,162250.801,181483.855,166677.09,160263.04
2020-07-05,2.0,776.0,348.0,702.0,5.0,3.0,5.0,14.0,14.0,13.0,1.0,1.0,1.0,0.0,0.0,0.0,2.0,3.0,0.0,1.0,0.0,6.0,155846.234,179630.048,168406.13100000002,164121.76400000002,181483.855,166677.09
2020-07-06,4.0,946.0,776.0,348.0,2.0,5.0,3.0,13.0,14.0,14.0,2.0,1.0,1.0,0.0,0.0,0.0,2.0,2.0,3.0,0.0,1.0,0.0,163972.146,155846.234,179630.048,151014.697,164121.76400000002,181483.855
2020-07-07,8.0,990.0,946.0,776.0,4.0,2.0,5.0,12.0,13.0,14.0,2.0,2.0,1.0,0.0,0.0,0.0,1.0,2.0,2.0,2.0,0.0,1.0,172723.16600000003,163972.146,155846.234,173024.14399999997,151014.697,164121.76400000002
2020-07-08,11.0,1031.0,990.0,946.0,8.0,4.0,2.0,17.0,12.0,13.0,3.0,2.0,2.0,0.0,0.0,0.0,2.0,1.0,2.0,6.0,2.0,0.0,171238.73200000002,172723.16600000003,163972.146,172647.01299999998,173024.14399999997,151014.697
2020-07-09,7.0,906.0,1031.0,990.0,11.0,8.0,4.0,18.0,17.0,12.0,3.0,3.0,2.0,0.0,0.0,0.0,2.0,2.0,1.0,9.0,6.0,2.0,167178.807,171238.73200000002,172723.16600000003,168269.47100000002,172647.01299999998,173024.14399999997
2020-07-10,9.0,932.0,906.0,1031.0,7.0,11.0,8.0,18.0,18.0,17.0,2.0,3.0,3.0,0.0,0.0,0.0,2.0,2.0,2.0,4.0,9.0,6.0,177705.11899999998,167178.807,171238.73200000002,175964.914,168269.47100000002,172647.01299999998
2020-07-11,21.0,826.0,932.0,906.0,9.0,7.0,11.0,18.0,18.0,18.0,2.0,2.0,3.0,0.0,0.0,0.0,1.0,2.0,2.0,8.0,4.0,9.0,194574.145,177705.11899999998,167178.807,197149.443,175964.914,168269.47100000002
2020-07-12,7.0,843.0,826.0,932.0,21.0,9.0,7.0,22.0,18.0,18.0,2.0,2.0,2.0,0.0,0.0,0.0,11.0,1.0,2.0,8.0,8.0,4.0,165254.72000000006,194574.145,177705.11899999998,173884.05399999997,197149.443,175964.914
2020-07-13,4.0,719.0,843.0,826.0,7.0,21.0,9.0,21.0,22.0,18.0,0.0,2.0,2.0,0.0,0.0,0.0,3.0,11.0,1.0,6.0,8.0,8.0,358129.76700000005,165254.72000000006,194574.145,385283.943,173884.05399999997,197149.443
2020-07-14,6.0,1052.0,719.0,843.0,4.0,7.0,21.0,20.0,21.0,22.0,0.0,0.0,2.0,0.0,0.0,0.0,1.0,3.0,11.0,3.0,6.0,8.0,172396.31900000002,358129.76700000005,165254.72000000006,172792.293,385283.943,173884.05399999997
2020-07-15,5.0,1193.0,1052.0,719.0,6.0,4.0,7.0,20.0,20.0,21.0,0.0,0.0,0.0,0.0,0.0,0.0,0.0,1.0,3.0,4.0,3.0,6.0,168561.9,172396.31900000002,358129.76700000005,169362.37399999998,172792.293,385283.943
2020-07-16,22.0,1111.0,1193.0,1052.0,5.0,6.0,4.0,19.0,20.0,20.0,0.0,0.0,0.0,0.0,0.0,0.0,3.0,0.0,1.0,2.0,4.0,3.0,177450.77300000002,168561.9,172396.31900000002,177236.878,169362.37399999998,172792.293
2020-07-17,25.0,938.0,1111.0,1193.0,22.0,5.0,6.0,21.0,19.0,20.0,1.0,0.0,0.0,0.0,0.0,0.0,3.0,3.0,0.0,16.0,2.0,4.0,183410.831,177450.77300000002,168561.9,181253.87300000002,177236.878,169362.37399999998
2020-07-18,20.0,848.0,938.0,1111.0,25.0,22.0,5.0,21.0,21.0,19.0,1.0,1.0,0.0,0.0,0.0,0.0,3.0,3.0,3.0,20.0,16.0,2.0,193951.75,183410.831,177450.77300000002,195566.32,181253.87300000002,177236.878
2020-07-19,20.0,0.0,848.0,938.0,20.0,25.0,22.0,21.0,21.0,21.0,1.0,1.0,1.0,0.0,0.0,0.0,6.0,3.0,3.0,9.0,20.0,16.0,165278.668,193951.75,183410.831,173809.93899999998,195566.32,181253.87300000002
2020-07-20,13.0,532.0,0.0,848.0,20.0,20.0,25.0,20.0,21.0,21.0,1.0,1.0,1.0,0.0,0.0,0.0,11.0,6.0,3.0,18.0,9.0,20.0,169472.128,165278.668,193951.75,158386.77000000002,173809.93899999998,195566.32
2020-07-21,30.0,2097.0,532.0,0.0,13.0,20.0,20.0,20.0,20.0,21.0,1.0,1.0,1.0,0.0,0.0,0.0,1.0,11.0,6.0,11.0,18.0,9.0,173003.34499999994,169472.128,165278.668,175789.62800000006,158386.77000000002,173809.93899999998
2020-07-22,75.0,1637.0,2097.0,532.0,30.0,13.0,20.0,16.0,20.0,20.0,1.0,1.0,1.0,0.0,0.0,0.0,8.0,1.0,11.0,23.0,11.0,18.0,168856.034,173003.34499999994,169472.128,168819.918,175789.62800000006,158386.77000000002
2020-07-23,61.0,1320.0,1637.0,2097.0,75.0,30.0,13.0,16.0,16.0,20.0,1.0,1.0,1.0,0.0,0.0,0.0,22.0,8.0,1.0,50.0,23.0,11.0,169433.78600000002,168856.034,173003.34499999994,169833.668,168819.918,175789.62800000006
2020-07-24,55.0,1478.0,1320.0,1637.0,61.0,75.0,30.0,16.0,16.0,16.0,1.0,1.0,1.0,0.0,0.0,0.0,24.0,22.0,8.0,47.0,50.0,23.0,177668.41199999995,169433.78600000002,168856.034,175962.62600000002,169833.668,168819.918
2020-07-25,66.0,1427.0,1478.0,1320.0,55.0,61.0,75.0,18.0,16.0,16.0,2.0,1.0,1.0,0.0,0.0,0.0,40.0,24.0,22.0,27.0,47.0,50.0,192818.861,177668.41199999995,169433.78600000002,195512.062,175962.62600000002,169833.668
2020-07-26,49.0,1466.0,1427.0,1478.0,66.0,55.0,61.0,19.0,18.0,16.0,2.0,2.0,1.0,0.0,0.0,0.0,42.0,40.0,24.0,29.0,27.0,47.0,158436.281,192818.861,177668.41199999995,164509.374,195512.062,175962.62600000002
2020-07-27,29.0,1039.0,1466.0,1427.0,49.0,66.0,55.0,25.0,19.0,18.0,2.0,2.0,2.0,0.0,0.0,0.0,17.0,42.0,40.0,25.0,29.0,27.0,165311.34699999998,158436.281,192818.861,152683.31,164509.374,195512.062
2020-07-28,50.0,1087.0,1039.0,1466.0,29.0,49.0,66.0,35.0,25.0,19.0,1.0,2.0,2.0,0.0,0.0,0.0,9.0,17.0,42.0,24.0,25.0,29.0,169349.93199999994,165311.34699999998,158436.281,173306.392,152683.31,164509.374
2020-07-29,89.0,1286.0,1087.0,1039.0,50.0,29.0,49.0,52.0,35.0,25.0,1.0,1.0,2.0,0.0,0.0,0.0,21.0,9.0,17.0,31.0,24.0,25.0,171149.466,169349.93199999994,165311.34699999998,172167.28499999995,173306.392,152683.31
2020-07-30,84.0,1762.0,1286.0,1087.0,89.0,50.0,29.0,56.0,52.0,35.0,2.0,1.0,1.0,0.0,0.0,0.0,29.0,21.0,9.0,66.0,31.0,24.0,168140.04100000003,171149.466,169349.93199999994,169396.82,172167.28499999995,173306.392
2020-07-31,52.0,1771.0,1762.0,1286.0,84.0,89.0,50.0,54.0,56.0,52.0,1.0,2.0,1.0,0.0,0.0,0.0,16.0,29.0,21.0,50.0,66.0,31.0,175268.99599999998,168140.04100000003,171149.466,173495.00100000002,169396.82,172167.28499999995
2020-08-01,97.0,1315.0,1771.0,1762.0,52.0,84.0,89.0,60.0,54.0,56.0,2.0,1.0,2.0,0.0,0.0,0.0,19.0,16.0,29.0,34.0,50.0,66.0,182601.85000000003,175268.99599999998,168140.04100000003,186754.135,173495.00100000002,169396.82
2020-08-02,49.0,1767.0,1315.0,1771.0,97.0,52.0,84.0,60.0,60.0,54.0,2.0,2.0,1.0,0.0,0.0,0.0,32.0,19.0,16.0,45.0,34.0,50.0,159848.54,182601.85000000003,175268.99599999998,167651.00600000002,186754.135,173495.00100000002
2020-08-03,31.0,745.0,1767.0,1315.0,49.0,97.0,52.0,64.0,60.0,60.0,2.0,2.0,2.0,0.0,0.0,0.0,16.0,32.0,19.0,29.0,45.0,34.0,154852.015,159848.54,182601.85000000003,143124.97699999998,167651.00600000002,186754.135
2020-08-04,90.0,966.0,745.0,1767.0,31.0,49.0,97.0,73.0,64.0,60.0,5.0,2.0,2.0,0.0,0.0,0.0,11.0,16.0,32.0,28.0,29.0,45.0,172561.576,154852.015,159848.54,173050.134,143124.97699999998,167651.00600000002
2020-08-05,77.0,1206.0,966.0,745.0,90.0,31.0,49.0,76.0,73.0,64.0,4.0,5.0,2.0,0.0,0.0,0.0,26.0,11.0,16.0,67.0,28.0,29.0,171713.99000000002,172561.576,154852.015,171859.97999999998,173050.134,143124.97699999998
2020-08-06,117.0,1719.0,1206.0,966.0,77.0,90.0,31.0,72.0,76.0,73.0,6.0,4.0,5.0,0.0,0.0,0.0,15.0,26.0,11.0,60.0,67.0,28.0,175476.24,171713.99000000002,172561.576,175656.06699999998,171859.97999999998,173050.134
2020-08-07,86.0,1703.0,1719.0,1206.0,117.0,77.0,90.0,79.0,72.0,76.0,8.0,6.0,4.0,0.0,0.0,0.0,22.0,15.0,26.0,61.0,60.0,67.0,179821.05899999998,175476.24,171713.99000000002,179310.31,175656.06699999998,171859.97999999998
2020-08-08,98.0,1690.0,1703.0,1719.0,86.0,117.0,77.0,49.0,79.0,72.0,10.0,8.0,6.0,0.0,0.0,0.0,36.0,22.0,15.0,67.0,61.0,60.0,190862.225,179821.05899999998,175476.24,191797.407,179310.31,175656.06699999998
2020-08-09,44.0,1759.0,1690.0,1703.0,98.0,86.0,117.0,58.0,49.0,79.0,10.0,10.0,8.0,0.0,0.0,0.0,30.0,36.0,22.0,48.0,67.0,61.0,165027.61999999994,190862.225,179821.05899999998,170690.99,191797.407,179310.31
2020-08-10,40.0,585.0,1759.0,1690.0,44.0,98.0,86.0,66.0,58.0,49.0,11.0,10.0,10.0,0.0,0.0,0.0,9.0,30.0,36.0,32.0,48.0,67.0,161799.261,165027.61999999994,190862.225,155182.036,170690.99,191797.407
2020-08-11,119.0,1105.0,585.0,1759.0,40.0,44.0,98.0,63.0,66.0,58.0,9.0,11.0,10.0,0.0,0.0,0.0,14.0,9.0,30.0,27.0,32.0,48.0,177547.482,161799.261,165027.61999999994,179632.799,155182.036,170690.99
2020-08-12,131.0,1903.0,1105.0,585.0,119.0,40.0,44.0,52.0,63.0,66.0,10.0,9.0,11.0,1.0,0.0,0.0,36.0,14.0,9.0,86.0,27.0,32.0,172912.164,177547.482,161799.261,172515.73200000002,179632.799,155182.036
2020-08-13,139.0,1574.0,1903.0,1105.0,131.0,119.0,40.0,52.0,52.0,63.0,10.0,10.0,9.0,0.0,1.0,0.0,38.0,36.0,14.0,75.0,86.0,27.0,176602.12699999995,172912.164,177547.482,179460.06699999995,172515.73200000002,179632.799
2020-08-14,137.0,1989.0,1574.0,1903.0,139.0,131.0,119.0,64.0,52.0,52.0,13.0,10.0,10.0,0.0,0.0,1.0,65.0,38.0,36.0,79.0,75.0,86.0,185885.001,176602.12699999995,172912.164,181258.264,179460.06699999995,172515.73200000002
2020-08-15,153.0,2140.0,1989.0,1574.0,137.0,139.0,131.0,73.0,64.0,52.0,14.0,13.0,10.0,0.0,0.0,0.0,54.0,65.0,38.0,87.0,79.0,75.0,192362.406,185885.001,176602.12699999995,193609.512,181258.264,179460.06699999995
2020-08-16,81.0,2065.0,2140.0,1989.0,153.0,137.0,139.0,78.0,73.0,64.0,13.0,14.0,13.0,2.0,0.0,0.0,57.0,54.0,65.0,81.0,87.0,79.0,164805.861,192362.406,185885.001,169534.81699999998,193609.512,181258.264
2020-08-17,97.0,2034.0,2065.0,2140.0,81.0,153.0,137.0,77.0,78.0,73.0,12.0,13.0,14.0,0.0,2.0,0.0,23.0,57.0,54.0,53.0,81.0,87.0,167444.19499999998,164805.861,192362.406,160949.68399999998,169534.81699999998,193609.512
2020-08-18,116.0,829.0,2034.0,2065.0,97.0,81.0,153.0,98.0,77.0,78.0,15.0,12.0,13.0,0.0,0.0,2.0,21.0,23.0,57.0,75.0,53.0,81.0,179478.19,167444.19499999998,164805.861,184698.039,160949.68399999998,169534.81699999998
2020-08-19,120.0,1912.0,829.0,2034.0,116.0,97.0,81.0,100.0,98.0,77.0,17.0,15.0,12.0,1.0,0.0,0.0,28.0,21.0,23.0,75.0,75.0,53.0,175155.081,179478.19,167444.19499999998,175702.167,184698.039,160949.68399999998
2020-08-20,163.0,1868.0,1912.0,829.0,120.0,116.0,97.0,106.0,100.0,98.0,15.0,17.0,15.0,0.0,1.0,0.0,30.0,28.0,21.0,95.0,75.0,75.0,178287.72600000002,175155.081,179478.19,179595.68399999998,175702.167,184698.039
2020-08-21,245.0,2123.0,1868.0,1912.0,163.0,120.0,116.0,112.0,106.0,100.0,15.0,15.0,17.0,1.0,0.0,1.0,46.0,30.0,28.0,129.0,95.0,75.0,180016.591,178287.72600000002,175155.081,178205.76400000002,179595.68399999998,175702.167
2020-08-22,266.0,2312.0,2123.0,1868.0,245.0,163.0,120.0,116.0,112.0,106.0,16.0,15.0,15.0,0.0,1.0,0.0,99.0,46.0,30.0,188.0,129.0,95.0,181738.789,180016.591,178287.72600000002,183453.385,178205.76400000002,179595.68399999998
2020-08-23,200.0,2324.0,2312.0,2123.0,266.0,245.0,163.0,120.0,116.0,112.0,18.0,16.0,15.0,0.0,0.0,1.0,66.0,99.0,46.0,194.0,188.0,129.0,158703.782,181738.789,180016.591,163917.91199999998,183453.385,178205.76400000002
2020-08-24,189.0,1952.0,2324.0,2312.0,200.0,266.0,245.0,120.0,120.0,116.0,19.0,18.0,16.0,0.0,0.0,0.0,58.0,66.0,99.0,122.0,194.0,188.0,157648.108,158703.782,181738.789,146382.94199999998,163917.91199999998,183453.385
2020-08-25,356.0,1537.0,1952.0,2324.0,189.0,200.0,266.0,164.0,120.0,120.0,21.0,19.0,18.0,1.0,0.0,0.0,48.0,58.0,66.0,104.0,122.0,194.0,163601.26,157648.108,158703.782,166634.31699999998,146382.94199999998,163917.91199999998
2020-08-26,247.0,2730.0,1537.0,1952.0,356.0,189.0,200.0,166.0,164.0,120.0,22.0,21.0,19.0,1.0,1.0,0.0,90.0,48.0,58.0,212.0,104.0,122.0,163412.473,163601.26,157648.108,164753.64200000002,166634.31699999998,146382.94199999998
2020-08-27,309.0,1516.0,2730.0,1537.0,247.0,356.0,189.0,168.0,166.0,164.0,24.0,22.0,21.0,0.0,1.0,1.0,94.0,90.0,48.0,174.0,212.0,104.0,165629.22799999994,163412.473,163601.26,167874.99200000006,164753.64200000002,166634.31699999998
2020-08-28,364.0,2805.0,1516.0,2730.0,309.0,247.0,356.0,166.0,168.0,166.0,24.0,24.0,22.0,1.0,0.0,1.0,101.0,94.0,90.0,219.0,174.0,212.0,169706.77399999998,165629.22799999994,163412.473,170121.265,167874.99200000006,164753.64200000002
2020-08-29,256.0,2956.0,2805.0,1516.0,364.0,309.0,247.0,180.0,166.0,168.0,25.0,24.0,24.0,0.0,1.0,0.0,101.0,101.0,94.0,246.0,219.0,174.0,173950.83399999997,169706.77399999998,165629.22799999994,177862.58899999995,170121.265,167874.99200000006
2020-08-30,322.0,2214.0,2956.0,2805.0,256.0,364.0,309.0,185.0,180.0,166.0,29.0,25.0,24.0,0.0,0.0,1.0,86.0,101.0,101.0,162.0,246.0,219.0,142656.019,173950.83399999997,169706.77399999998,147870.115,177862.58899999995,170121.265
2020-08-31,277.0,2818.0,2214.0,2956.0,322.0,256.0,364.0,189.0,185.0,180.0,33.0,29.0,25.0,0.0,0.0,0.0,77.0,86.0,101.0,191.0,162.0,246.0,146555.218,142656.019,173950.83399999997,134593.305,147870.115,177862.58899999995
2020-09-01,328.0,2578.0,2818.0,2214.0,277.0,322.0,256.0,242.0,189.0,185.0,34.0,33.0,29.0,0.0,0.0,0.0,66.0,77.0,86.0,186.0,191.0,162.0,154876.38199999998,146555.218,142656.019,156006.15600000002,134593.305,147870.115
2020-09-02,447.0,2987.0,2578.0,2818.0,328.0,277.0,322.0,207.0,242.0,189.0,36.0,34.0,33.0,1.0,0.0,0.0,75.0,66.0,77.0,220.0,186.0,191.0,152851.291,154876.38199999998,146555.218,152756.505,156006.15600000002,134593.305
2020-09-03,403.0,2853.0,2987.0,2578.0,447.0,328.0,277.0,225.0,207.0,242.0,39.0,36.0,34.0,0.0,1.0,0.0,121.0,75.0,66.0,305.0,220.0,186.0,149005.18,152851.291,154876.38199999998,149141.233,152756.505,156006.15600000002
2020-09-04,414.0,2547.0,2853.0,2987.0,403.0,447.0,328.0,219.0,225.0,207.0,51.0,39.0,36.0,2.0,0.0,1.0,101.0,121.0,75.0,283.0,305.0,220.0,154534.91700000002,149005.18,152851.291,154905.307,149141.233,152756.505
2020-09-05,423.0,2985.0,2547.0,2853.0,414.0,403.0,447.0,224.0,219.0,225.0,48.0,51.0,39.0,1.0,2.0,0.0,106.0,101.0,121.0,280.0,283.0,305.0,163738.941,154534.91700000002,149005.18,167669.334,154905.307,149141.233
2020-09-06,291.0,2218.0,2985.0,2547.0,423.0,414.0,403.0,235.0,224.0,219.0,50.0,48.0,51.0,0.0,1.0,2.0,89.0,106.0,101.0,289.0,280.0,283.0,137943.738,163738.941,154534.91700000002,145858.436,167669.334,154905.307
2020-09-07,251.0,2178.0,2218.0,2985.0,291.0,423.0,414.0,265.0,235.0,224.0,50.0,50.0,48.0,3.0,0.0,1.0,68.0,89.0,106.0,212.0,289.0,280.0,135795.315,137943.738,163738.941,124140.37,145858.436,167669.334
2020-09-08,384.0,2124.0,2178.0,2218.0,251.0,291.0,423.0,304.0,265.0,235.0,56.0,50.0,50.0,1.0,3.0,0.0,61.0,68.0,89.0,194.0,212.0,289.0,143429.584,135795.315,137943.738,144883.913,124140.37,145858.436
2020-09-09,478.0,3029.0,2124.0,2178.0,384.0,251.0,291.0,314.0,304.0,265.0,56.0,56.0,50.0,2.0,1.0,3.0,92.0,61.0,68.0,262.0,194.0,212.0,144286.522,143429.584,135795.315,145378.633,144883.913,124140.37
2020-09-10,458.0,2989.0,3029.0,2124.0,478.0,384.0,251.0,337.0,314.0,304.0,62.0,56.0,56.0,2.0,2.0,1.0,111.0,92.0,61.0,357.0,262.0,194.0,149809.555,144286.522,143429.584,149747.738,145378.633,144883.913
2020-09-11,477.0,3442.0,2989.0,3029.0,458.0,478.0,384.0,339.0,337.0,314.0,60.0,62.0,56.0,6.0,2.0,2.0,140.0,111.0,92.0,276.0,357.0,262.0,160736.58299999998,149809.555,144286.522,158575.89,149747.738,145378.633
2020-09-12,466.0,3522.0,3442.0,2989.0,477.0,458.0,478.0,344.0,339.0,337.0,60.0,60.0,62.0,4.0,6.0,2.0,148.0,140.0,111.0,286.0,276.0,357.0,168956.93800000002,160736.58299999998,149809.555,171380.736,158575.89,149747.738
2020-09-13,462.0,3102.0,3522.0,3442.0,466.0,477.0,458.0,346.0,344.0,339.0,61.0,60.0,60.0,2.0,4.0,6.0,131.0,148.0,140.0,300.0,286.0,276.0,134187.282,168956.93800000002,160736.58299999998,143519.548,171380.736,158575.89
2020-09-14,530.0,2132.0,3102.0,3522.0,462.0,466.0,477.0,344.0,346.0,344.0,60.0,61.0,60.0,3.0,2.0,4.0,148.0,131.0,148.0,275.0,300.0,286.0,132992.03,134187.282,168956.93800000002,124798.854,143519.548,171380.736
2020-09-15,500.0,3341.0,2132.0,3102.0,530.0,462.0,466.0,330.0,344.0,346.0,58.0,60.0,61.0,1.0,3.0,2.0,153.0,148.0,131.0,350.0,275.0,300.0,145257.492,132992.03,134187.282,149792.586,124798.854,143519.548
2020-09-16,464.0,3287.0,3341.0,2132.0,500.0,530.0,462.0,328.0,330.0,344.0,59.0,58.0,60.0,7.0,1.0,3.0,142.0,153.0,148.0,300.0,350.0,275.0,149897.034,145257.492,132992.03,142411.267,149792.586,124798.854
2020-09-17,647.0,3497.0,3287.0,3341.0,464.0,500.0,530.0,330.0,328.0,330.0,58.0,59.0,58.0,0.0,7.0,1.0,146.0,142.0,153.0,269.0,300.0,350.0,147665.19199999998,149897.034,145257.492,144724.15099999998,142411.267,149792.586
2020-09-18,609.0,4220.0,3497.0,3287.0,647.0,464.0,500.0,317.0,330.0,328.0,59.0,58.0,59.0,2.0,0.0,7.0,182.0,146.0,142.0,402.0,269.0,300.0,145598.60100000002,147665.19199999998,149897.034,143746.52599999998,144724.15099999998,142411.267
2020-09-19,592.0,3584.0,4220.0,3497.0,609.0,647.0,464.0,312.0,317.0,330.0,59.0,59.0,58.0,0.0,2.0,0.0,206.0,182.0,146.0,332.0,402.0,269.0,146928.47299999994,145598.60100000002,147665.19199999998,149504.089,143746.52599999998,144724.15099999998
2020-09-20,273.0,4032.0,3584.0,4220.0,592.0,609.0,647.0,314.0,312.0,317.0,59.0,59.0,59.0,3.0,0.0,2.0,174.0,206.0,182.0,309.0,332.0,402.0,126230.479,146928.47299999994,145598.60100000002,131774.414,149504.089,143746.52599999998
2020-09-21,288.0,2247.0,4032.0,3584.0,273.0,592.0,609.0,317.0,314.0,312.0,59.0,59.0,59.0,0.0,3.0,0.0,75.0,174.0,206.0,174.0,309.0,332.0,117277.84199999999,126230.479,146928.47299999994,108554.322,131774.414,149504.089
2020-09-22,486.0,2547.0,2247.0,4032.0,288.0,273.0,592.0,317.0,317.0,314.0,59.0,59.0,59.0,3.0,0.0,3.0,103.0,75.0,174.0,158.0,174.0,309.0,134895.05599999998,117277.84199999999,126230.479,135630.30800000002,108554.322,131774.414
2020-09-23,455.0,4153.0,2547.0,2247.0,486.0,288.0,273.0,321.0,317.0,317.0,58.0,59.0,59.0,3.0,3.0,0.0,169.0,103.0,75.0,247.0,158.0,174.0,134388.539,134895.05599999998,117277.84199999999,133303.298,135630.30800000002,108554.322
2020-09-24,701.0,3773.0,4153.0,2547.0,455.0,486.0,288.0,323.0,321.0,317.0,57.0,58.0,59.0,3.0,3.0,3.0,145.0,169.0,103.0,300.0,247.0,158.0,141859.918,134388.539,134895.05599999998,141361.08800000002,133303.298,135630.30800000002
2020-09-25,431.0,7704.0,3773.0,4153.0,701.0,455.0,486.0,322.0,323.0,321.0,58.0,57.0,58.0,3.0,3.0,3.0,267.0,145.0,169.0,381.0,300.0,247.0,143628.419,141859.918,134388.539,144174.112,141361.08800000002,133303.298
2020-09-26,470.0,2301.0,7704.0,3773.0,431.0,701.0,455.0,322.0,322.0,323.0,58.0,58.0,57.0,2.0,3.0,3.0,162.0,267.0,145.0,259.0,381.0,300.0,153649.801,143628.419,141859.918,157452.95500000002,144174.112,141361.08800000002
2020-09-27,415.0,1192.0,2301.0,7704.0,470.0,431.0,701.0,331.0,322.0,322.0,63.0,58.0,58.0,2.0,2.0,3.0,194.0,162.0,267.0,263.0,259.0,381.0,123877.022,153649.801,143628.419,126814.509,157452.95500000002,144174.112
2020-09-28,217.0,2695.0,1192.0,2301.0,415.0,470.0,431.0,340.0,331.0,322.0,64.0,63.0,58.0,2.0,2.0,2.0,126.0,194.0,162.0,233.0,263.0,259.0,118197.559,123877.022,153649.801,107354.255,126814.509,157452.95500000002
2020-09-29,383.0,2122.0,2695.0,1192.0,217.0,415.0,470.0,343.0,340.0,331.0,68.0,64.0,63.0,1.0,2.0,2.0,82.0,126.0,194.0,159.0,233.0,263.0,134967.452,118197.559,123877.022,135828.9,107354.255,126814.509
2020-09-30,394.0,3785.0,2122.0,2695.0,383.0,217.0,415.0,329.0,343.0,340.0,70.0,68.0,64.0,4.0,1.0,2.0,116.0,82.0,126.0,254.0,159.0,233.0,133342.177,134967.452,118197.559,133364.19400000002,135828.9,107354.255
2020-10-01,432.0,3643.0,3785.0,2122.0,394.0,383.0,217.0,321.0,329.0,343.0,70.0,70.0,68.0,3.0,4.0,1.0,148.0,116.0,82.0,234.0,254.0,159.0,140619.274,133342.177,134967.452,138648.61500000002,133364.19400000002,135828.9
2020-10-02,433.0,3258.0,3643.0,3785.0,432.0,394.0,383.0,324.0,321.0,329.0,71.0,70.0,70.0,0.0,3.0,4.0,124.0,148.0,116.0,280.0,234.0,254.0,139270.141,140619.274,133342.177,138070.381,138648.61500000002,133364.19400000002
2020-10-03,451.0,3492.0,3258.0,3643.0,433.0,432.0,394.0,320.0,324.0,321.0,70.0,71.0,70.0,3.0,0.0,3.0,138.0,124.0,148.0,279.0,280.0,234.0,146844.813,139270.141,140619.274,145932.593,138070.381,138648.61500000002
2020-10-04,403.0,3520.0,3492.0,3258.0,451.0,433.0,432.0,325.0,320.0,324.0,71.0,70.0,71.0,1.0,3.0,0.0,143.0,138.0,124.0,259.0,279.0,280.0,116067.226,146844.813,139270.141,120403.557,145932.593,138070.381
2020-10-05,307.0,2738.0,3520.0,3492.0,403.0,451.0,433.0,332.0,325.0,320.0,72.0,71.0,70.0,1.0,1.0,3.0,117.0,143.0,138.0,233.0,259.0,279.0,108569.306,116067.226,146844.813,102223.883,120403.557,145932.593
2020-10-06,512.0,2603.0,2738.0,3520.0,307.0,403.0,451.0,376.0,332.0,325.0,78.0,72.0,71.0,1.0,1.0,1.0,120.0,117.0,143.0,224.0,233.0,259.0,132741.161,108569.306,116067.226,134771.24,102223.883,120403.557
2020-10-07,487.0,3675.0,2603.0,2738.0,512.0,307.0,403.0,363.0,376.0,332.0,66.0,78.0,72.0,1.0,1.0,1.0,149.0,120.0,117.0,337.0,224.0,233.0,134450.774,132741.161,108569.306,132992.06,134771.24,102223.883
2020-10-08,433.0,4088.0,3675.0,2603.0,487.0,512.0,307.0,372.0,363.0,376.0,69.0,66.0,78.0,6.0,1.0,1.0,163.0,149.0,120.0,297.0,337.0,224.0,139780.45500000002,134450.774,132741.161,139519.804,132992.06,134771.24
2020-10-09,443.0,3863.0,4088.0,3675.0,433.0,487.0,512.0,368.0,372.0,363.0,66.0,69.0,66.0,5.0,6.0,1.0,123.0,163.0,149.0,304.0,297.0,337.0,146122.946,139780.45500000002,134450.774,140716.385,139519.804,132992.06
2020-10-10,357.0,3411.0,3863.0,4088.0,443.0,433.0,487.0,355.0,368.0,372.0,62.0,66.0,69.0,2.0,5.0,6.0,131.0,123.0,163.0,284.0,304.0,297.0,165714.27599999998,146122.946,139780.45500000002,168208.086,140716.385,139519.804
2020-10-11,400.0,3254.0,3411.0,3863.0,357.0,443.0,433.0,353.0,355.0,368.0,68.0,62.0,66.0,4.0,2.0,5.0,99.0,131.0,123.0,246.0,284.0,304.0,127925.77900000001,165714.27599999998,146122.946,141421.935,168208.086,140716.385
2020-10-12,318.0,2328.0,3254.0,3411.0,400.0,357.0,443.0,357.0,353.0,355.0,68.0,68.0,62.0,6.0,4.0,2.0,110.0,99.0,131.0,254.0,246.0,284.0,104147.255,127925.77900000001,165714.27599999998,106094.518,141421.935,168208.086
2020-10-13,375.0,2185.0,2328.0,3254.0,318.0,400.0,357.0,361.0,357.0,353.0,69.0,68.0,68.0,3.0,6.0,4.0,89.0,110.0,99.0,231.0,254.0,246.0,139820.066,104147.255,127925.77900000001,123720.213,106094.518,141421.935
2020-10-14,718.0,2875.0,2185.0,2328.0,375.0,318.0,400.0,364.0,361.0,357.0,67.0,69.0,68.0,3.0,3.0,6.0,90.0,89.0,110.0,286.0,231.0,254.0,132237.718,139820.066,104147.255,134182.68,123720.213,106094.518
2020-10-15,597.0,4339.0,2875.0,2185.0,718.0,375.0,318.0,369.0,364.0,361.0,70.0,67.0,69.0,2.0,3.0,3.0,213.0,90.0,89.0,460.0,286.0,231.0,134606.989,132237.718,139820.066,133957.697,134182.68,123720.213
2020-10-16,580.0,5859.0,4339.0,2875.0,597.0,718.0,375.0,374.0,369.0,364.0,72.0,70.0,67.0,2.0,2.0,3.0,162.0,213.0,90.0,423.0,460.0,286.0,136666.86899999998,134606.989,132237.718,136772.796,133957.697,134182.68
2020-10-17,711.0,4015.0,5859.0,4339.0,580.0,597.0,718.0,376.0,374.0,369.0,73.0,72.0,70.0,5.0,2.0,2.0,169.0,162.0,213.0,374.0,423.0,460.0,144879.414,136666.86899999998,134606.989,147201.532,136772.796,133957.697
2020-10-18,337.0,4435.0,4015.0,5859.0,711.0,580.0,597.0,381.0,376.0,374.0,75.0,73.0,72.0,2.0,5.0,2.0,215.0,169.0,162.0,473.0,374.0,423.0,116280.37800000001,144879.414,136666.86899999998,119533.38900000001,147201.532,136772.796
2020-10-19,441.0,2195.0,4435.0,4015.0,337.0,711.0,580.0,393.0,381.0,376.0,77.0,75.0,73.0,5.0,2.0,5.0,104.0,215.0,169.0,219.0,473.0,374.0,101988.195,116280.37800000001,144879.414,94312.304,119533.38900000001,147201.532
2020-10-20,741.0,2762.0,2195.0,4435.0,441.0,337.0,711.0,401.0,393.0,381.0,78.0,77.0,75.0,6.0,5.0,2.0,128.0,104.0,215.0,317.0,219.0,473.0,128885.405,101988.195,116280.37800000001,130690.22,94312.304,119533.38900000001
2020-10-21,750.0,4656.0,2762.0,2195.0,741.0,441.0,337.0,407.0,401.0,393.0,77.0,78.0,77.0,3.0,6.0,5.0,192.0,128.0,104.0,518.0,317.0,219.0,129662.61000000002,128885.405,101988.195,128691.648,130690.22,94312.304
2020-10-22,864.0,4987.0,4656.0,2762.0,750.0,741.0,441.0,412.0,407.0,401.0,77.0,77.0,78.0,4.0,3.0,6.0,191.0,192.0,128.0,531.0,518.0,317.0,132097.20899999994,129662.61000000002,128885.405,131078.288,128691.648,130690.22
2020-10-23,1022.0,4975.0,4987.0,4656.0,864.0,750.0,741.0,418.0,412.0,407.0,77.0,77.0,77.0,4.0,4.0,3.0,249.0,191.0,192.0,571.0,531.0,518.0,133773.801,132097.20899999994,129662.61000000002,133383.391,131078.288,128691.648
2020-10-24,781.0,5480.0,4975.0,4987.0,1022.0,864.0,750.0,427.0,418.0,412.0,77.0,77.0,77.0,4.0,4.0,4.0,331.0,249.0,191.0,642.0,571.0,531.0,144210.50199999998,133773.801,132097.20899999994,145246.16,133383.391,131078.288
2020-10-25,595.0,4652.0,5480.0,4975.0,781.0,1022.0,864.0,447.0,427.0,418.0,81.0,77.0,77.0,6.0,4.0,4.0,240.0,331.0,249.0,468.0,642.0,571.0,113920.388,144210.50199999998,133773.801,114692.454,145246.16,133383.391
2020-10-26,605.0,3870.0,4652.0,5480.0,595.0,781.0,1022.0,467.0,447.0,427.0,83.0,81.0,77.0,10.0,6.0,4.0,173.0,240.0,331.0,380.0,468.0,642.0,102649.476,113920.388,144210.50199999998,96651.94,114692.454,145246.16
2020-10-27,985.0,3675.0,3870.0,4652.0,605.0,595.0,781.0,491.0,467.0,447.0,86.0,83.0,81.0,8.0,10.0,6.0,116.0,173.0,240.0,460.0,380.0,468.0,125205.535,102649.476,113920.388,128393.274,96651.94,114692.454
2020-10-28,891.0,6079.0,3675.0,3870.0,985.0,605.0,595.0,500.0,491.0,467.0,87.0,86.0,83.0,9.0,8.0,10.0,295.0,116.0,173.0,650.0,460.0,380.0,128746.87,125205.535,102649.476,127679.92599999999,128393.274,96651.94
2020-10-29,908.0,5651.0,6079.0,3675.0,891.0,985.0,605.0,510.0,500.0,491.0,89.0,87.0,86.0,6.0,9.0,8.0,234.0,295.0,116.0,617.0,650.0,460.0,133876.155,128746.87,125205.535,132036.068,127679.92599999999,128393.274
2020-10-30,1021.0,5918.0,5651.0,6079.0,908.0,891.0,985.0,514.0,510.0,500.0,89.0,89.0,87.0,8.0,6.0,9.0,258.0,234.0,295.0,592.0,617.0,650.0,145051.78600000002,133876.155,128746.87,144438.945,132036.068,127679.92599999999
2020-10-31,775.0,5829.0,5918.0,5651.0,1021.0,908.0,891.0,516.0,514.0,510.0,98.0,89.0,89.0,8.0,8.0,6.0,303.0,258.0,234.0,671.0,592.0,617.0,119597.705,145051.78600000002,133876.155,114826.334,144438.945,132036.068
2020-11-01,533.0,5043.0,5829.0,5918.0,775.0,1021.0,908.0,532.0,516.0,514.0,100.0,98.0,89.0,11.0,8.0,8.0,265.0,303.0,258.0,494.0,671.0,592.0,66158.893,119597.705,145051.78600000002,63001.636,114826.334,144438.945
2020-11-02,642.0,3625.0,5043.0,5829.0,533.0,775.0,1021.0,538.0,532.0,516.0,100.0,100.0,98.0,14.0,11.0,8.0,161.0,265.0,303.0,347.0,494.0,671.0,41876.28,66158.893,119597.705,42811.923,63001.636,114826.334
2020-11-03,1122.0,4030.0,3625.0,5043.0,642.0,533.0,775.0,556.0,538.0,532.0,100.0,100.0,100.0,13.0,14.0,11.0,197.0,161.0,265.0,439.0,347.0,494.0,98807.344,41876.28,66158.893,101024.719,42811.923,63001.636
2020-11-04,952.0,6362.0,4030.0,3625.0,1122.0,642.0,533.0,577.0,556.0,538.0,98.0,100.0,100.0,7.0,13.0,14.0,300.0,197.0,161.0,764.0,439.0,347.0,121183.588,98807.344,41876.28,120746.684,101024.719,42811.923
2020-11-05,1062.0,5624.0,6362.0,4030.0,952.0,1122.0,642.0,593.0,577.0,556.0,98.0,98.0,100.0,15.0,7.0,13.0,279.0,300.0,197.0,647.0,764.0,439.0,118355.701,121183.588,98807.344,116552.851,120746.684,101024.719
2020-11-06,1053.0,5702.0,5624.0,6362.0,1062.0,952.0,1122.0,595.0,593.0,577.0,96.0,98.0,98.0,14.0,15.0,7.0,292.0,279.0,300.0,726.0,647.0,764.0,112135.406,118355.701,121183.588,112995.65800000001,116552.851,120746.684
2020-11-07,852.0,6731.0,5702.0,5624.0,1053.0,1062.0,952.0,601.0,595.0,593.0,99.0,96.0,98.0,10.0,14.0,15.0,311.0,292.0,279.0,715.0,726.0,647.0,121797.737,112135.406,118355.701,116857.267,112995.65800000001,116552.851
2020-11-08,394.0,5287.0,6731.0,5702.0,852.0,1053.0,1062.0,593.0,601.0,595.0,98.0,99.0,96.0,13.0,10.0,14.0,299.0,311.0,292.0,520.0,715.0,726.0,67227.13900000001,121797.737,112135.406,64672.32900000001,116857.267,112995.65800000001
2020-11-09,834.0,2913.0,5287.0,6731.0,394.0,852.0,1053.0,597.0,593.0,601.0,99.0,98.0,99.0,14.0,13.0,10.0,125.0,299.0,311.0,252.0,520.0,715.0,45166.846,67227.13900000001,121797.737,47177.445,64672.32900000001,116857.267
2020-11-10,925.0,5389.0,2913.0,5287.0,834.0,394.0,852.0,627.0,597.0,593.0,106.0,99.0,98.0,12.0,14.0,13.0,245.0,125.0,299.0,578.0,252.0,520.0,115549.04800000001,45166.846,67227.13900000001,117765.617,47177.445,64672.32900000001
2020-11-11,877.0,6529.0,5389.0,2913.0,925.0,834.0,394.0,629.0,627.0,597.0,103.0,106.0,99.0,6.0,12.0,14.0,267.0,245.0,125.0,617.0,578.0,252.0,117017.252,115549.04800000001,45166.846,117215.092,117765.617,47177.445
2020-11-12,748.0,6202.0,6529.0,5389.0,877.0,925.0,834.0,632.0,629.0,627.0,102.0,103.0,106.0,13.0,6.0,12.0,302.0,267.0,245.0,561.0,617.0,578.0,120433.274,117017.252,115549.04800000001,119480.94,117215.092,117765.617
2020-11-13,632.0,6169.0,6202.0,6529.0,748.0,877.0,925.0,626.0,632.0,629.0,104.0,102.0,103.0,12.0,13.0,6.0,247.0,302.0,267.0,468.0,561.0,617.0,120219.55699999999,120433.274,117017.252,118803.489,119480.94,117215.092
2020-11-14,465.0,6059.0,6169.0,6202.0,632.0,748.0,877.0,626.0,626.0,632.0,104.0,104.0,102.0,7.0,12.0,13.0,214.0,247.0,302.0,392.0,468.0,561.0,122066.866,120219.55699999999,120433.274,118403.307,118803.489,119480.94
2020-11-15,267.0,3761.0,6059.0,6169.0,465.0,632.0,748.0,608.0,626.0,626.0,104.0,104.0,104.0,9.0,7.0,12.0,188.0,214.0,247.0,255.0,392.0,468.0,67061.768,122066.866,120219.55699999999,65671.32400000001,118403.307,118803.489
2020-11-16,463.0,2425.0,3761.0,6059.0,267.0,465.0,632.0,610.0,608.0,626.0,106.0,104.0,104.0,4.0,9.0,7.0,107.0,188.0,214.0,154.0,255.0,392.0,45573.441000000006,67061.768,122066.866,47326.97500000001,65671.32400000001,118403.307
2020-11-17,516.0,4313.0,2425.0,3761.0,463.0,267.0,465.0,617.0,610.0,608.0,102.0,106.0,104.0,10.0,4.0,9.0,107.0,107.0,188.0,319.0,154.0,255.0,117377.625,45573.441000000006,67061.768,119562.205,47326.97500000001,65671.32400000001
2020-11-18,497.0,5448.0,4313.0,2425.0,516.0,463.0,267.0,598.0,617.0,610.0,106.0,102.0,106.0,11.0,10.0,4.0,177.0,107.0,107.0,329.0,319.0,154.0,118819.722,117377.625,45573.441000000006,118255.116,119562.205,47326.97500000001
2020-11-19,377.0,5115.0,5448.0,4313.0,497.0,516.0,463.0,571.0,598.0,617.0,109.0,106.0,102.0,13.0,11.0,10.0,165.0,177.0,107.0,311.0,329.0,319.0,121044.178,118819.722,117377.625,120865.48,118255.116,119562.205
2020-11-20,316.0,4120.0,5115.0,5448.0,377.0,497.0,516.0,534.0,571.0,598.0,109.0,109.0,106.0,12.0,13.0,11.0,123.0,165.0,177.0,234.0,311.0,329.0,123433.269,121044.178,118819.722,122014.75,120865.48,118255.116
2020-11-21,290.0,4243.0,4120.0,5115.0,316.0,377.0,497.0,500.0,534.0,571.0,105.0,109.0,109.0,8.0,12.0,13.0,106.0,123.0,165.0,192.0,234.0,311.0,125819.174,123433.269,121044.178,121871.52,122014.75,120865.48
2020-11-22,88.0,3194.0,4243.0,4120.0,290.0,316.0,377.0,473.0,500.0,534.0,103.0,105.0,109.0,6.0,8.0,12.0,108.0,106.0,123.0,165.0,192.0,234.0,69634.602,125819.174,123433.269,67384.647,121871.52,122014.75
2020-11-23,239.0,1210.0,3194.0,4243.0,88.0,290.0,316.0,473.0,473.0,500.0,103.0,103.0,105.0,9.0,6.0,8.0,37.0,108.0,106.0,44.0,165.0,192.0,44935.707,69634.602,125819.174,47897.568,67384.647,121871.52
2020-11-24,273.0,4027.0,1210.0,3194.0,239.0,88.0,290.0,493.0,473.0,473.0,101.0,103.0,103.0,9.0,9.0,6.0,69.0,37.0,108.0,177.0,44.0,165.0,114747.954,44935.707,69634.602,116980.83099999999,47897.568,67384.647
2020-11-25,300.0,3963.0,4027.0,1210.0,273.0,239.0,88.0,456.0,493.0,473.0,93.0,101.0,103.0,8.0,9.0,9.0,107.0,69.0,37.0,165.0,177.0,44.0,117353.6,114747.954,44935.707,116795.528,116980.83099999999,47897.568
2020-11-26,253.0,4382.0,3963.0,4027.0,300.0,273.0,239.0,449.0,456.0,493.0,91.0,93.0,101.0,7.0,8.0,9.0,101.0,107.0,69.0,174.0,165.0,177.0,121116.086,117353.6,114747.954,118669.648,116795.528,116980.83099999999
2020-11-27,246.0,3751.0,4382.0,3963.0,253.0,300.0,273.0,426.0,449.0,456.0,93.0,91.0,93.0,4.0,7.0,8.0,104.0,101.0,107.0,153.0,174.0,165.0,131307.965,121116.086,117353.6,130098.714,118669.648,116795.528
2020-11-28,179.0,3372.0,3751.0,4382.0,246.0,253.0,300.0,409.0,426.0,449.0,89.0,93.0,91.0,4.0,4.0,7.0,100.0,104.0,101.0,145.0,153.0,174.0,113926.502,131307.965,121116.086,110229.34900000002,130098.714,118669.648
2020-11-29,42.0,2372.0,3372.0,3751.0,179.0,246.0,253.0,373.0,409.0,426.0,90.0,89.0,93.0,3.0,4.0,4.0,79.0,100.0,104.0,82.0,145.0,153.0,68316.777,113926.502,131307.965,65734.88500000001,110229.34900000002,130098.714
2020-11-30,176.0,1050.0,2372.0,3372.0,42.0,179.0,246.0,371.0,373.0,409.0,90.0,90.0,89.0,3.0,3.0,4.0,23.0,79.0,100.0,21.0,82.0,145.0,48808.275,68316.777,113926.502,49680.541,65734.88500000001,110229.34900000002
2020-12-01,255.0,3201.0,1050.0,2372.0,176.0,42.0,179.0,395.0,371.0,373.0,87.0,90.0,90.0,3.0,3.0,3.0,61.0,23.0,79.0,114.0,21.0,82.0,116974.754,48808.275,68316.777,119961.105,49680.541,65734.88500000001
2020-12-02,227.0,3480.0,3201.0,1050.0,255.0,176.0,42.0,377.0,395.0,371.0,87.0,87.0,90.0,8.0,3.0,3.0,74.0,61.0,23.0,170.0,114.0,21.0,121122.818,116974.754,48808.275,121455.66,119961.105,49680.541
2020-12-03,152.0,3014.0,3480.0,3201.0,227.0,255.0,176.0,341.0,377.0,395.0,82.0,87.0,87.0,3.0,8.0,3.0,89.0,74.0,61.0,131.0,170.0,114.0,123146.193,121122.818,116974.754,122257.025,121455.66,119961.105
2020-12-04,228.0,2393.0,3014.0,3480.0,152.0,227.0,255.0,326.0,341.0,377.0,78.0,82.0,87.0,2.0,3.0,8.0,55.0,89.0,74.0,97.0,131.0,170.0,125587.056,123146.193,121122.818,122762.577,122257.025,121455.66
2020-12-05,168.0,2857.0,2393.0,3014.0,228.0,152.0,227.0,295.0,326.0,341.0,77.0,78.0,82.0,5.0,2.0,3.0,111.0,55.0,89.0,105.0,97.0,131.0,124484.225,125587.056,123146.193,122473.644,122762.577,122257.025
2020-12-06,25.0,1677.0,2857.0,2393.0,168.0,228.0,152.0,277.0,295.0,326.0,79.0,77.0,78.0,7.0,5.0,2.0,62.0,111.0,55.0,101.0,105.0,97.0,70839.086,124484.225,125587.056,67720.78700000001,122473.644,122762.577
2020-12-07,108.0,683.0,1677.0,2857.0,25.0,168.0,228.0,272.0,277.0,295.0,79.0,79.0,77.0,4.0,7.0,5.0,4.0,62.0,111.0,17.0,101.0,105.0,40640.216,70839.086,124484.225,44416.128,67720.78700000001,122473.644
2020-12-08,63.0,1691.0,683.0,1677.0,108.0,25.0,168.0,261.0,272.0,277.0,69.0,79.0,79.0,6.0,4.0,7.0,39.0,4.0,62.0,66.0,17.0,101.0,82850.786,40640.216,70839.086,82802.62700000001,44416.128,67720.78700000001
2020-12-09,217.0,1117.0,1691.0,683.0,63.0,108.0,25.0,256.0,261.0,272.0,69.0,69.0,79.0,5.0,6.0,4.0,23.0,39.0,4.0,37.0,66.0,17.0,53495.828,82850.786,40640.216,52519.968,82802.62700000001,44416.128
2020-12-10,224.0,3096.0,1117.0,1691.0,217.0,63.0,108.0,267.0,256.0,261.0,67.0,69.0,69.0,6.0,5.0,6.0,70.0,23.0,39.0,144.0,37.0,66.0,123751.445,53495.828,82850.786,124308.88,52519.968,82802.62700000001
2020-12-11,265.0,3166.0,3096.0,1117.0,224.0,217.0,63.0,250.0,267.0,256.0,65.0,67.0,69.0,5.0,6.0,5.0,79.0,70.0,23.0,139.0,144.0,37.0,124760.152,123751.445,53495.828,123944.17599999999,124308.88,52519.968
2020-12-12,158.0,2996.0,3166.0,3096.0,265.0,224.0,217.0,255.0,250.0,267.0,68.0,65.0,67.0,6.0,5.0,6.0,83.0,79.0,70.0,163.0,139.0,144.0,129072.037,124760.152,123751.445,124913.891,123944.17599999999,124308.88
2020-12-13,80.0,2423.0,2996.0,3166.0,158.0,265.0,224.0,225.0,255.0,250.0,70.0,68.0,65.0,4.0,6.0,5.0,58.0,83.0,79.0,93.0,163.0,139.0,80187.613,129072.037,124760.152,78831.46299999999,124913.891,123944.17599999999
2020-12-14,218.0,1319.0,2423.0,2996.0,80.0,158.0,265.0,228.0,225.0,255.0,69.0,70.0,68.0,0.0,4.0,6.0,16.0,58.0,83.0,60.0,93.0,163.0,59733.507000000005,80187.613,129072.037,61736.634000000005,78831.46299999999,124913.891
2020-12-15,181.0,2900.0,1319.0,2423.0,218.0,80.0,158.0,242.0,228.0,225.0,71.0,69.0,70.0,7.0,0.0,4.0,67.0,16.0,58.0,144.0,60.0,93.0,123622.52,59733.507000000005,80187.613,126454.02699999999,61736.634000000005,78831.46299999999
2020-12-16,219.0,2898.0,2900.0,1319.0,181.0,218.0,80.0,246.0,242.0,228.0,69.0,71.0,69.0,3.0,7.0,0.0,50.0,67.0,16.0,130.0,144.0,60.0,129905.23,123622.52,59733.507000000005,130817.753,126454.02699999999,61736.634000000005
2020-12-17,196.0,3415.0,2898.0,2900.0,219.0,181.0,218.0,238.0,246.0,242.0,65.0,69.0,71.0,4.0,3.0,7.0,74.0,50.0,67.0,134.0,130.0,144.0,128712.96800000001,129905.23,123622.52,127822.62400000001,130817.753,126454.02699999999
2020-12-18,217.0,2621.0,3415.0,2898.0,196.0,219.0,181.0,231.0,238.0,246.0,63.0,65.0,69.0,2.0,4.0,3.0,59.0,74.0,50.0,137.0,134.0,130.0,128067.26,128712.96800000001,129905.23,126725.534,127822.62400000001,130817.753
2020-12-19,164.0,2926.0,2621.0,3415.0,217.0,196.0,219.0,231.0,231.0,238.0,63.0,63.0,65.0,8.0,2.0,4.0,64.0,59.0,74.0,148.0,137.0,134.0,131916.77399999998,128067.26,128712.96800000001,129522.55699999999,126725.534,127822.62400000001
2020-12-20,33.0,2334.0,2926.0,2621.0,164.0,217.0,196.0,223.0,231.0,231.0,64.0,63.0,63.0,2.0,8.0,2.0,55.0,64.0,59.0,98.0,148.0,137.0,83932.785,131916.77399999998,128067.26,80650.181,129522.55699999999,126725.534
2020-12-21,206.0,975.0,2334.0,2926.0,33.0,164.0,217.0,220.0,223.0,231.0,63.0,64.0,63.0,4.0,2.0,8.0,12.0,55.0,64.0,20.0,98.0,148.0,58543.43000000001,83932.785,131916.77399999998,58964.33300000001,80650.181,129522.55699999999
2020-12-22,273.0,2904.0,975.0,2334.0,206.0,33.0,164.0,236.0,220.0,223.0,62.0,63.0,64.0,4.0,4.0,2.0,48.0,12.0,55.0,155.0,20.0,98.0,121010.53300000001,58543.43000000001,83932.785,122370.587,58964.33300000001,80650.181
2020-12-23,300.0,2588.0,2904.0,975.0,273.0,206.0,33.0,234.0,236.0,220.0,65.0,62.0,63.0,2.0,4.0,4.0,91.0,48.0,12.0,172.0,155.0,20.0,126439.82499999998,121010.53300000001,58543.43000000001,122815.823,122370.587,58964.33300000001
2020-12-24,251.0,3284.0,2588.0,2904.0,300.0,273.0,206.0,235.0,234.0,236.0,68.0,65.0,62.0,2.0,2.0,4.0,76.0,91.0,48.0,208.0,172.0,155.0,136636.186,126439.82499999998,121010.53300000001,128435.291,122815.823,122370.587
2020-12-25,102.0,2562.0,3284.0,2588.0,251.0,300.0,273.0,221.0,235.0,234.0,65.0,68.0,65.0,2.0,2.0,2.0,70.0,76.0,91.0,175.0,208.0,172.0,93056.587,136636.186,126439.82499999998,87205.366,128435.291,122815.823
2020-12-26,168.0,753.0,2562.0,3284.0,102.0,251.0,300.0,221.0,221.0,235.0,65.0,65.0,68.0,6.0,2.0,2.0,41.0,70.0,76.0,56.0,175.0,208.0,42925.762,93056.587,136636.186,44235.633,87205.366,128435.291
2020-12-27,107.0,1917.0,753.0,2562.0,168.0,102.0,251.0,228.0,221.0,221.0,69.0,65.0,65.0,5.0,6.0,2.0,46.0,41.0,70.0,120.0,56.0,175.0,67452.815,42925.762,93056.587,70061.418,44235.633,87205.366
2020-12-28,369.0,1219.0,1917.0,753.0,107.0,168.0,102.0,233.0,228.0,221.0,74.0,69.0,65.0,2.0,5.0,6.0,22.0,46.0,41.0,76.0,120.0,56.0,54127.775,67452.815,42925.762,57825.014,70061.418,44235.633
2020-12-29,491.0,3624.0,1219.0,1917.0,369.0,107.0,168.0,244.0,233.0,228.0,73.0,74.0,69.0,2.0,2.0,5.0,67.0,22.0,46.0,300.0,76.0,120.0,105752.856,54127.775,67452.815,107718.469,57825.014,70061.418
2020-12-30,558.0,4058.0,3624.0,1219.0,491.0,369.0,107.0,246.0,244.0,233.0,75.0,73.0,74.0,4.0,2.0,2.0,111.0,67.0,22.0,361.0,300.0,76.0,108476.729,105752.856,54127.775,109106.641,107718.469,57825.014
2020-12-31,578.0,4191.0,4058.0,3624.0,558.0,491.0,369.0,231.0,246.0,244.0,69.0,75.0,73.0,8.0,4.0,2.0,137.0,111.0,67.0,412.0,361.0,300.0,116528.95,108476.729,105752.856,111201.675,109106.641,107718.469
2021-01-01,156.0,3527.0,4191.0,4058.0,578.0,558.0,491.0,222.0,231.0,246.0,66.0,69.0,75.0,6.0,8.0,4.0,147.0,137.0,111.0,405.0,412.0,361.0,85118.29000000001,116528.95,108476.729,83530.158,111201.675,109106.641
2021-01-02,504.0,1425.0,3527.0,4191.0,156.0,578.0,558.0,222.0,222.0,231.0,66.0,66.0,69.0,2.0,6.0,8.0,36.0,147.0,137.0,122.0,405.0,412.0,43854.208,85118.29000000001,116528.95,44226.745,83530.158,111201.675
2021-01-03,292.0,2760.0,1425.0,3527.0,504.0,156.0,578.0,232.0,222.0,222.0,65.0,66.0,66.0,6.0,2.0,6.0,93.0,36.0,147.0,419.0,122.0,405.0,69504.41399999999,43854.208,85118.29000000001,69689.98300000001,44226.745,83530.158
2021-01-04,892.0,2137.0,2760.0,1425.0,292.0,504.0,156.0,235.0,232.0,222.0,66.0,65.0,66.0,1.0,6.0,2.0,68.0,93.0,36.0,238.0,419.0,122.0,56334.288,69504.41399999999,43854.208,57784.044,69689.98300000001,44226.745
2021-01-05,1276.0,4410.0,2137.0,2760.0,892.0,292.0,504.0,260.0,235.0,232.0,74.0,66.0,65.0,0.0,1.0,6.0,200.0,68.0,93.0,711.0,238.0,419.0,104326.55300000001,56334.288,69504.41399999999,106381.177,57784.044,69689.98300000001
2021-01-06,621.0,6184.0,4410.0,2137.0,1276.0,892.0,292.0,300.0,260.0,235.0,70.0,74.0,66.0,4.0,0.0,1.0,279.0,200.0,68.0,984.0,711.0,238.0,105158.146,104326.55300000001,56334.288,103763.06300000001,106381.177,57784.044
2021-01-07,1445.0,3486.0,6184.0,4410.0,621.0,1276.0,892.0,300.0,300.0,260.0,74.0,70.0,74.0,4.0,4.0,0.0,160.0,279.0,200.0,445.0,984.0,711.0,51741.517,105158.146,104326.55300000001,53198.62,103763.06300000001,106381.177
2021-01-08,1606.0,6214.0,3486.0,6184.0,1445.0,621.0,1276.0,323.0,300.0,300.0,75.0,74.0,70.0,7.0,4.0,4.0,286.0,160.0,279.0,1129.0,445.0,984.0,95454.115,51741.517,105158.146,96112.55000000002,53198.62,103763.06300000001
2021-01-09,1369.0,7643.0,6214.0,3486.0,1606.0,1445.0,621.0,370.0,323.0,300.0,81.0,75.0,74.0,3.0,7.0,4.0,395.0,286.0,160.0,1214.0,1129.0,445.0,92327.744,95454.115,51741.517,89438.829,96112.55000000002,53198.62
2021-01-10,791.0,7048.0,7643.0,6214.0,1369.0,1606.0,1445.0,401.0,370.0,323.0,85.0,81.0,75.0,3.0,3.0,7.0,343.0,395.0,286.0,974.0,1214.0,1129.0,55464.434,92327.744,95454.115,54614.53,89438.829,96112.55000000002
2021-01-11,2068.0,4016.0,7048.0,7643.0,791.0,1369.0,1606.0,407.0,401.0,370.0,87.0,85.0,81.0,4.0,3.0,3.0,213.0,343.0,395.0,533.0,974.0,1214.0,44390.158,55464.434,92327.744,44943.324,54614.53,89438.829
2021-01-12,2283.0,8207.0,4016.0,7048.0,2068.0,791.0,1369.0,459.0,407.0,401.0,88.0,87.0,85.0,7.0,4.0,3.0,402.0,213.0,343.0,1585.0,533.0,974.0,108046.708,44390.158,55464.434,109041.727,44943.324,54614.53
2021-01-13,2056.0,10858.0,8207.0,4016.0,2283.0,2068.0,791.0,539.0,459.0,407.0,92.0,88.0,87.0,10.0,7.0,4.0,565.0,402.0,213.0,1656.0,1585.0,533.0,110733.481,108046.708,44390.158,110417.23799999998,109041.727,44943.324
2021-01-14,2005.0,9961.0,10858.0,8207.0,2056.0,2283.0,2068.0,583.0,539.0,459.0,98.0,92.0,88.0,7.0,10.0,7.0,472.0,565.0,402.0,1582.0,1656.0,1585.0,110626.349,110733.481,108046.708,111427.924,110417.23799999998,109041.727
2021-01-15,2060.0,10196.0,9961.0,10858.0,2005.0,2056.0,2283.0,640.0,583.0,539.0,103.0,98.0,92.0,15.0,7.0,10.0,495.0,472.0,565.0,1521.0,1582.0,1656.0,112235.534,110626.349,110733.481,111681.367,111427.924,110417.23799999998
2021-01-16,1541.0,10115.0,10196.0,9961.0,2060.0,2005.0,2056.0,672.0,640.0,583.0,103.0,103.0,98.0,15.0,15.0,7.0,461.0,495.0,472.0,1472.0,1521.0,1582.0,114597.04699999999,112235.534,110626.349,111852.337,111681.367,111427.924
2021-01-17,1015.0,8333.0,10115.0,10196.0,1541.0,2060.0,2005.0,704.0,672.0,640.0,103.0,103.0,103.0,8.0,15.0,15.0,419.0,461.0,495.0,1040.0,1472.0,1521.0,61930.36,114597.04699999999,112235.534,60110.304,111852.337,111681.367
2021-01-18,1838.0,6564.0,8333.0,10115.0,1015.0,1541.0,2060.0,715.0,704.0,672.0,105.0,103.0,103.0,13.0,8.0,15.0,296.0,419.0,461.0,672.0,1040.0,1472.0,39439.928,61930.36,114597.04699999999,43278.22,60110.304,111852.337
2021-01-19,2052.0,9685.0,6564.0,8333.0,1838.0,1015.0,1541.0,852.0,715.0,704.0,119.0,105.0,103.0,18.0,13.0,8.0,354.0,296.0,419.0,1497.0,672.0,1040.0,107937.793,39439.928,61930.36,112305.429,43278.22,60110.304
2021-01-20,1870.0,11926.0,9685.0,6564.0,2052.0,1838.0,1015.0,900.0,852.0,715.0,122.0,119.0,105.0,22.0,18.0,13.0,515.0,354.0,296.0,1470.0,1497.0,672.0,110507.917,107937.793,39439.928,111340.07,112305.429,43278.22
2021-01-21,1500.0,11865.0,11926.0,9685.0,1870.0,2052.0,1838.0,970.0,900.0,852.0,130.0,122.0,119.0,23.0,22.0,18.0,449.0,515.0,354.0,1356.0,1470.0,1497.0,110807.573,110507.917,107937.793,109662.791,111340.07,112305.429
2021-01-22,1467.0,9075.0,11865.0,11926.0,1500.0,1870.0,2052.0,1041.0,970.0,900.0,142.0,130.0,122.0,26.0,23.0,22.0,383.0,449.0,515.0,1092.0,1356.0,1470.0,112392.803,110807.573,110507.917,109902.245,109662.791,111340.07
2021-01-23,1249.0,9784.0,9075.0,11865.0,1467.0,1500.0,1870.0,1057.0,1041.0,970.0,156.0,142.0,130.0,20.0,26.0,23.0,419.0,383.0,449.0,1019.0,1092.0,1356.0,111565.868,112392.803,110807.573,107476.58000000002,109902.245,109662.791
2021-01-24,671.0,8344.0,9784.0,9075.0,1249.0,1467.0,1500.0,1068.0,1057.0,1041.0,155.0,156.0,142.0,20.0,20.0,26.0,429.0,419.0,383.0,792.0,1019.0,1092.0,59255.288,111565.868,112392.803,56671.50399999999,107476.58000000002,109902.245
2021-01-25,1385.0,5107.0,8344.0,9784.0,671.0,1249.0,1467.0,1073.0,1068.0,1057.0,158.0,155.0,156.0,29.0,20.0,20.0,214.0,429.0,419.0,432.0,792.0,1019.0,37060.656,59255.288,111565.868,39767.506,56671.50399999999,107476.58000000002
2021-01-26,1387.0,9075.0,5107.0,8344.0,1385.0,671.0,1249.0,1136.0,1073.0,1068.0,162.0,158.0,155.0,27.0,29.0,20.0,368.0,214.0,429.0,1025.0,432.0,792.0,107142.776,37060.656,59255.288,110819.548,39767.506,56671.50399999999
2021-01-27,1016.0,10025.0,9075.0,5107.0,1387.0,1385.0,671.0,1095.0,1136.0,1073.0,168.0,162.0,158.0,29.0,27.0,29.0,403.0,368.0,214.0,968.0,1025.0,432.0,111896.498,107142.776,37060.656,111576.86099999999,110819.548,39767.506
2021-01-28,956.0,9609.0,10025.0,9075.0,1016.0,1387.0,1385.0,1130.0,1095.0,1136.0,167.0,168.0,162.0,24.0,29.0,27.0,290.0,403.0,368.0,681.0,968.0,1025.0,112150.021,111896.498,107142.776,111255.351,111576.86099999999,110819.548
2021-01-29,796.0,8121.0,9609.0,10025.0,956.0,1016.0,1387.0,1090.0,1130.0,1095.0,175.0,167.0,168.0,30.0,24.0,29.0,303.0,290.0,403.0,621.0,681.0,968.0,114069.964,112150.021,111896.498,112916.08000000002,111255.351,111576.86099999999
2021-01-30,679.0,8100.0,8121.0,9609.0,796.0,956.0,1016.0,1098.0,1090.0,1130.0,176.0,175.0,167.0,25.0,30.0,24.0,256.0,303.0,290.0,520.0,621.0,681.0,115574.841,114069.964,112150.021,111566.433,112916.08000000002,111255.351
2021-01-31,189.0,5654.0,8100.0,8121.0,679.0,796.0,956.0,1040.0,1098.0,1090.0,168.0,176.0,175.0,24.0,25.0,30.0,245.0,256.0,303.0,414.0,520.0,621.0,58031.05800000001,115574.841,114069.964,55030.963,111566.433,112916.08000000002
2021-02-01,546.0,2263.0,5654.0,8100.0,189.0,679.0,796.0,1045.0,1040.0,1098.0,167.0,168.0,176.0,20.0,24.0,25.0,56.0,245.0,256.0,128.0,414.0,520.0,36960.391,58031.05800000001,115574.841,38320.914,55030.963,111566.433
2021-02-02,709.0,6119.0,2263.0,5654.0,546.0,189.0,679.0,1081.0,1045.0,1040.0,173.0,167.0,168.0,23.0,20.0,24.0,137.0,56.0,245.0,395.0,128.0,414.0,110893.721,36960.391,58031.05800000001,114073.673,38320.914,55030.963
2021-02-03,496.0,7623.0,6119.0,2263.0,709.0,546.0,189.0,1012.0,1081.0,1045.0,175.0,173.0,167.0,23.0,23.0,20.0,235.0,137.0,56.0,446.0,395.0,128.0,115885.629,110893.721,36960.391,115906.746,114073.673,38320.914
2021-02-04,463.0,6022.0,7623.0,6119.0,496.0,709.0,546.0,973.0,1012.0,1081.0,174.0,175.0,173.0,14.0,23.0,23.0,182.0,235.0,137.0,307.0,446.0,395.0,114609.49599999998,115885.629,110893.721,114039.074,115906.746,114073.673
2021-02-05,379.0,4869.0,6022.0,7623.0,463.0,496.0,709.0,922.0,973.0,1012.0,176.0,174.0,175.0,20.0,14.0,23.0,152.0,182.0,235.0,296.0,307.0,446.0,118639.134,114609.49599999998,115885.629,118711.591,114039.074,115906.746
2021-02-06,295.0,4673.0,4869.0,6022.0,379.0,463.0,496.0,876.0,922.0,973.0,165.0,176.0,174.0,11.0,20.0,14.0,119.0,152.0,182.0,248.0,296.0,307.0,121396.559,118639.134,114609.49599999998,116958.148,118711.591,114039.074
2021-02-07,107.0,3845.0,4673.0,4869.0,295.0,379.0,463.0,826.0,876.0,922.0,166.0,165.0,176.0,13.0,11.0,20.0,101.0,119.0,152.0,186.0,248.0,296.0,63283.29700000001,121396.559,118639.134,60825.121,116958.148,118711.591
2021-02-08,314.0,1619.0,3845.0,4673.0,107.0,295.0,379.0,821.0,826.0,876.0,165.0,166.0,165.0,12.0,13.0,11.0,40.0,101.0,119.0,67.0,186.0,248.0,40370.266,63283.29700000001,121396.559,42518.27400000001,60825.121,116958.148
2021-02-09,306.0,4456.0,1619.0,3845.0,314.0,107.0,295.0,809.0,821.0,826.0,164.0,165.0,166.0,16.0,12.0,13.0,74.0,40.0,101.0,229.0,67.0,186.0,112659.082,40370.266,63283.29700000001,116319.695,42518.27400000001,60825.121
2021-02-10,214.0,4504.0,4456.0,1619.0,306.0,314.0,107.0,720.0,809.0,821.0,157.0,164.0,165.0,13.0,16.0,12.0,98.0,74.0,40.0,177.0,229.0,67.0,115347.556,112659.082,40370.266,115327.92,116319.695,42518.27400000001
2021-02-11,211.0,4411.0,4504.0,4456.0,214.0,306.0,314.0,682.0,720.0,809.0,152.0,157.0,164.0,14.0,13.0,16.0,63.0,98.0,74.0,149.0,177.0,229.0,115539.18699999999,115347.556,112659.082,115675.963,115327.92,116319.695
2021-02-12,297.0,3749.0,4411.0,4504.0,211.0,214.0,306.0,627.0,682.0,720.0,147.0,152.0,157.0,16.0,14.0,13.0,64.0,63.0,98.0,141.0,149.0,177.0,119526.67599999999,115539.18699999999,115347.556,118440.604,115675.963,115327.92
2021-02-13,124.0,3721.0,3749.0,4411.0,297.0,211.0,214.0,580.0,627.0,682.0,138.0,147.0,152.0,15.0,16.0,14.0,98.0,64.0,63.0,180.0,141.0,149.0,120538.105,119526.67599999999,115539.18699999999,118081.02699999999,118440.604,115675.963
2021-02-14,33.0,2635.0,3721.0,3749.0,124.0,297.0,211.0,534.0,580.0,627.0,132.0,138.0,147.0,10.0,15.0,16.0,45.0,98.0,64.0,77.0,180.0,141.0,65191.67600000001,120538.105,119526.67599999999,63737.545999999995,118081.02699999999,118440.604
2021-02-15,169.0,1133.0,2635.0,3721.0,33.0,124.0,297.0,506.0,534.0,580.0,130.0,132.0,138.0,10.0,10.0,15.0,10.0,45.0,98.0,24.0,77.0,180.0,43297.638,65191.67600000001,120538.105,45107.681,63737.545999999995,118081.02699999999
2021-02-16,192.0,3443.0,1133.0,2635.0,169.0,33.0,124.0,500.0,506.0,534.0,121.0,130.0,132.0,7.0,10.0,10.0,37.0,10.0,45.0,122.0,24.0,77.0,114882.415,43297.638,65191.67600000001,117229.07,45107.681,63737.545999999995
2021-02-17,134.0,4158.0,3443.0,1133.0,192.0,169.0,33.0,463.0,500.0,506.0,119.0,121.0,130.0,9.0,7.0,10.0,73.0,37.0,10.0,115.0,122.0,24.0,117814.591,114882.415,43297.638,118569.69699999999,117229.07,45107.681
2021-02-18,126.0,3198.0,4158.0,3443.0,134.0,192.0,169.0,424.0,463.0,500.0,110.0,119.0,121.0,5.0,9.0,7.0,52.0,73.0,37.0,80.0,115.0,122.0,119319.767,117814.591,114882.415,117136.211,118569.69699999999,117229.07
2021-02-19,141.0,2702.0,3198.0,4158.0,126.0,134.0,192.0,407.0,424.0,463.0,112.0,110.0,119.0,9.0,5.0,9.0,36.0,52.0,73.0,90.0,80.0,115.0,121218.933,119319.767,117814.591,121411.262,117136.211,118569.69699999999
2021-02-20,96.0,2208.0,2702.0,3198.0,141.0,126.0,134.0,383.0,407.0,424.0,109.0,112.0,110.0,8.0,9.0,5.0,52.0,36.0,52.0,83.0,90.0,80.0,123356.767,121218.933,119319.767,119780.633,121411.262,117136.211
2021-02-21,34.0,2374.0,2208.0,2702.0,96.0,141.0,126.0,342.0,383.0,407.0,106.0,109.0,112.0,10.0,8.0,9.0,26.0,52.0,36.0,63.0,83.0,90.0,68754.97099999999,123356.767,121218.933,66564.79400000001,119780.633,121411.262
2021-02-22,114.0,979.0,2374.0,2208.0,34.0,96.0,141.0,319.0,342.0,383.0,105.0,106.0,109.0,4.0,10.0,8.0,13.0,26.0,52.0,24.0,63.0,83.0,46497.76,68754.97099999999,123356.767,47808.634000000005,66564.79400000001,119780.633
2021-02-23,130.0,3305.0,979.0,2374.0,114.0,34.0,96.0,351.0,319.0,342.0,107.0,105.0,106.0,4.0,4.0,10.0,30.0,13.0,26.0,86.0,24.0,63.0,120955.18,46497.76,68754.97099999999,124646.909,47808.634000000005,66564.79400000001
2021-02-24,113.0,3237.0,3305.0,979.0,130.0,114.0,34.0,312.0,351.0,319.0,92.0,107.0,105.0,3.0,4.0,4.0,52.0,30.0,13.0,82.0,86.0,24.0,122639.589,120955.18,46497.76,121195.484,124646.909,47808.634000000005
2021-02-25,88.0,2877.0,3237.0,3305.0,113.0,130.0,114.0,286.0,312.0,351.0,89.0,92.0,107.0,4.0,3.0,4.0,32.0,52.0,30.0,69.0,82.0,86.0,124676.37199999999,122639.589,120955.18,124863.784,121195.484,124646.909
2021-02-26,92.0,2402.0,2877.0,3237.0,88.0,113.0,130.0,259.0,286.0,312.0,86.0,89.0,92.0,14.0,4.0,3.0,33.0,32.0,52.0,57.0,69.0,82.0,131143.85,124676.37199999999,122639.589,128249.85800000001,124863.784,121195.484
2021-02-27,43.0,2601.0,2402.0,2877.0,92.0,88.0,113.0,237.0,259.0,286.0,81.0,86.0,89.0,6.0,14.0,4.0,32.0,33.0,32.0,60.0,57.0,69.0,130495.728,131143.85,124676.37199999999,126471.246,128249.85800000001,124863.784
2021-02-28,59.0,1650.0,2601.0,2402.0,43.0,92.0,88.0,231.0,237.0,259.0,82.0,81.0,86.0,4.0,6.0,14.0,16.0,32.0,33.0,27.0,60.0,57.0,73285.85100000001,130495.728,131143.85,71385.928,126471.246,128249.85800000001
